chat_id,issue_type,prompt,reply_length,llm_score
1,late delivery,v3,206,80.6
2,payment problem,v3,367,70.7
3,late delivery,v3,272,78.4
4,late delivery,v3,186,80.5
5,late delivery,v3,192,78.7
6,late delivery,v2,161,75.1
7,wrong order,v3,317,72.1
8,wrong order,v2,316,67.9
9,wrong order,v2,204,57.5
10,late delivery,v3,238,77.3
11,wrong order,v3,311,71.0
12,payment problem,v2,338,77.4
13,payment problem,v2,290,67.0
14,late delivery,v3,211,73.3
15,late delivery,v3,250,78.2
16,missing item,v3,196,72.1
17,late delivery,v2,161,73.0
18,late delivery,v3,224,78.0
19,late delivery,v2,126,67.8
20,late delivery,v3,209,79.6
21,late delivery,v2,116,67.8
22,wrong order,v3,323,68.6
23,missing item,v2,316,79.5
24,late delivery,v2,134,69.8
25,late delivery,v2,153,66.5
26,late delivery,v3,235,81.6
27,missing item,v2,368,70.6
28,missing item,v3,179,66.7
29,late delivery,v2,219,77.1
30,missing item,v3,146,69.7
31,payment problem,v2,332,62.9
32,payment problem,v2,383,70.5
33,missing item,v3,258,74.3
34,payment problem,v3,337,62.2
35,late delivery,v2,187,66.6
36,late delivery,v3,190,75.5
37,late delivery,v3,143,65.4
38,payment problem,v3,261,65.0
39,wrong order,v3,296,75.4
40,wrong order,v2,334,75.8
41,late delivery,v2,141,68.2
42,late delivery,v2,283,76.8
43,payment problem,v3,369,72.9
44,missing item,v2,300,76.5
45,wrong order,v2,181,61.5
46,late delivery,v2,120,68.4
47,late delivery,v3,212,75.8
48,late delivery,v3,110,66.0
49,late delivery,v2,244,72.6
50,missing item,v2,140,62.1
51,late delivery,v3,198,75.2
52,missing item,v3,222,70.1
53,wrong order,v3,285,77.4
54,wrong order,v3,350,76.4
55,payment problem,v3,270,69.4
56,late delivery,v2,182,72.0
57,payment problem,v2,427,69.6
58,late delivery,v3,210,77.7
59,payment problem,v3,304,64.8
60,wrong order,v3,262,66.8
61,wrong order,v2,310,73.6
62,late delivery,v2,127,62.5
63,wrong order,v3,248,68.2
64,late delivery,v2,221,75.4
65,late delivery,v3,157,71.5
66,late delivery,v2,162,62.0
67,missing item,v3,183,71.5
68,late delivery,v3,305,91.0
69,payment problem,v2,244,55.1
70,missing item,v3,261,75.8
71,late delivery,v2,227,71.9
72,payment problem,v2,315,67.7
73,late delivery,v3,247,77.1
74,wrong order,v2,225,64.4
75,late delivery,v3,232,82.6
76,late delivery,v2,73,66.4
77,missing item,v3,308,80.8
78,missing item,v3,210,72.8
79,late delivery,v2,168,72.6
80,late delivery,v2,171,76.2
81,late delivery,v3,206,81.0
82,late delivery,v2,74,63.7
83,payment problem,v2,413,71.4
84,missing item,v2,221,75.9
85,wrong order,v3,268,61.7
86,missing item,v2,243,71.1
87,late delivery,v3,248,78.0
88,missing item,v3,172,70.0
89,payment problem,v2,261,52.1
90,wrong order,v3,222,58.4
91,late delivery,v3,161,73.6
92,wrong order,v3,214,68.1
93,wrong order,v2,243,62.5
94,payment problem,v3,250,67.0
95,late delivery,v2,115,70.9
96,missing item,v2,289,72.4
97,wrong order,v3,254,64.5
98,missing item,v3,156,66.5
99,late delivery,v3,267,85.2
100,payment problem,v3,299,73.4
101,late delivery,v3,200,72.9
102,missing item,v3,228,72.0
103,wrong order,v3,172,66.2
104,missing item,v2,151,63.7
105,missing item,v3,207,68.3
106,missing item,v2,257,68.9
107,missing item,v2,219,67.8
108,wrong order,v3,195,59.2
109,missing item,v3,153,64.1
110,late delivery,v3,206,77.0
111,wrong order,v2,302,68.6
112,late delivery,v2,224,76.4
113,wrong order,v2,282,70.0
114,missing item,v3,241,73.4
115,late delivery,v3,148,73.9
116,late delivery,v2,253,75.2
117,wrong order,v2,214,55.6
118,missing item,v3,258,72.2
119,missing item,v2,206,67.4
120,wrong order,v3,273,74.3
121,late delivery,v3,145,73.8
122,missing item,v3,307,82.5
123,late delivery,v3,230,77.0
124,late delivery,v2,133,66.7
125,late delivery,v3,232,78.6
126,late delivery,v2,139,68.0
127,wrong order,v3,258,69.8
128,wrong order,v3,264,69.6
129,payment problem,v3,285,67.4
130,late delivery,v3,123,71.8
131,late delivery,v2,170,71.9
132,missing item,v3,207,70.9
133,late delivery,v3,220,80.7
134,late delivery,v3,233,75.4
135,late delivery,v3,244,84.2
136,missing item,v2,145,59.6
137,wrong order,v3,201,62.0
138,wrong order,v3,296,71.8
139,late delivery,v2,130,63.3
140,wrong order,v2,289,70.1
141,late delivery,v2,210,67.8
142,late delivery,v3,169,70.3
143,wrong order,v2,127,53.4
144,late delivery,v2,60,57.5
145,wrong order,v2,214,60.9
146,payment problem,v2,304,64.1
147,late delivery,v2,210,79.2
148,payment problem,v3,338,67.5
149,payment problem,v2,258,68.6
150,missing item,v3,193,69.2
151,late delivery,v2,190,75.1
152,missing item,v3,187,67.6
153,missing item,v2,193,66.9
154,wrong order,v2,314,71.3
155,late delivery,v3,215,79.1
156,payment problem,v3,318,73.7
157,missing item,v3,212,75.5
158,missing item,v2,302,80.2
159,wrong order,v2,260,68.4
160,late delivery,v2,197,73.2
161,late delivery,v2,146,69.5
162,payment problem,v2,283,58.4
163,missing item,v3,256,79.9
164,wrong order,v2,193,54.0
165,late delivery,v2,227,84.1
166,late delivery,v3,178,75.3
167,wrong order,v3,224,62.9
168,wrong order,v3,277,76.3
169,late delivery,v3,172,77.1
170,payment problem,v2,188,55.9
171,payment problem,v2,228,59.2
172,wrong order,v2,434,83.2
173,missing item,v2,260,74.1
174,late delivery,v3,335,86.9
175,late delivery,v2,193,76.6
176,late delivery,v2,126,73.2
177,payment problem,v2,352,74.9
178,missing item,v2,254,71.5
179,late delivery,v2,187,74.0
180,late delivery,v2,208,79.9
181,late delivery,v2,89,62.0
182,missing item,v3,264,80.5
183,wrong order,v2,235,72.6
184,missing item,v3,227,72.7
185,late delivery,v2,163,70.9
186,late delivery,v2,174,66.9
187,late delivery,v2,308,81.6
188,late delivery,v3,238,76.5
189,missing item,v2,144,64.7
190,payment problem,v3,424,82.0
191,wrong order,v3,165,55.4
192,missing item,v2,219,73.8
193,wrong order,v3,303,70.3
194,payment problem,v2,302,59.1
195,missing item,v3,176,71.6
196,late delivery,v2,259,79.4
197,missing item,v3,239,72.5
198,late delivery,v3,233,79.1
199,wrong order,v3,239,66.0
200,payment problem,v2,393,73.8
201,wrong order,v2,268,66.7
202,payment problem,v3,256,66.9
203,missing item,v2,180,63.0
204,wrong order,v2,252,65.3
205,wrong order,v3,348,80.1
206,missing item,v3,352,88.7
207,wrong order,v2,387,75.6
208,late delivery,v3,204,74.7
209,late delivery,v3,237,86.8
210,missing item,v3,256,72.8
211,payment problem,v2,236,58.0
212,payment problem,v2,252,65.9
213,payment problem,v3,398,72.1
214,late delivery,v3,194,76.4
215,missing item,v2,191,65.7
216,late delivery,v3,200,82.1
217,wrong order,v2,281,65.1
218,late delivery,v3,242,80.1
219,payment problem,v2,329,67.8
220,payment problem,v2,247,64.7
221,wrong order,v2,395,80.7
222,late delivery,v2,106,67.5
223,missing item,v3,244,71.1
224,late delivery,v3,237,77.6
225,missing item,v2,229,67.2
226,late delivery,v3,302,81.1
227,payment problem,v3,372,74.1
228,payment problem,v2,357,72.0
229,late delivery,v2,85,61.8
230,late delivery,v3,304,86.8
231,wrong order,v3,185,64.0
232,payment problem,v2,327,65.3
233,wrong order,v3,286,71.8
234,late delivery,v3,235,76.0
235,late delivery,v3,153,67.4
236,missing item,v2,145,62.5
237,wrong order,v2,225,64.6
238,late delivery,v2,97,69.5
239,missing item,v2,193,71.1
240,late delivery,v2,112,65.0
241,late delivery,v3,131,73.2
242,late delivery,v3,174,71.1
243,payment problem,v2,242,53.7
244,missing item,v2,152,66.7
245,late delivery,v3,206,73.3
246,payment problem,v3,245,65.6
247,late delivery,v2,108,65.4
248,wrong order,v3,233,69.1
249,late delivery,v3,130,69.1
250,late delivery,v2,133,66.0
251,late delivery,v3,270,78.2
252,missing item,v2,126,63.6
253,late delivery,v3,182,76.3
254,payment problem,v2,303,63.2
255,missing item,v3,200,73.0
256,late delivery,v3,239,82.1
257,wrong order,v3,328,78.2
258,payment problem,v3,337,64.6
259,wrong order,v2,265,65.6
260,payment problem,v3,240,59.7
261,late delivery,v3,123,73.8
262,wrong order,v2,185,55.9
263,payment problem,v2,287,62.9
264,late delivery,v2,225,69.5
265,missing item,v3,243,73.8
266,payment problem,v2,228,60.3
267,missing item,v3,205,66.6
268,late delivery,v2,132,64.0
269,payment problem,v3,343,71.1
270,wrong order,v2,205,60.5
271,payment problem,v2,287,70.2
272,late delivery,v2,124,66.7
273,missing item,v3,218,78.2
274,wrong order,v2,310,62.2
275,missing item,v2,308,73.8
276,missing item,v3,268,80.2
277,wrong order,v2,201,54.2
278,payment problem,v2,283,61.7
279,wrong order,v3,224,68.5
280,late delivery,v3,193,73.0
281,missing item,v3,202,66.3
282,payment problem,v2,213,51.3
283,late delivery,v3,201,75.6
284,missing item,v2,189,63.5
285,payment problem,v3,343,70.9
286,late delivery,v2,151,64.9
287,late delivery,v2,170,63.3
288,late delivery,v3,272,81.6
289,payment problem,v2,278,61.5
290,late delivery,v3,259,86.7
291,missing item,v3,299,80.7
292,missing item,v2,168,56.0
293,wrong order,v3,271,72.4
294,late delivery,v2,250,76.1
295,payment problem,v2,278,61.3
296,late delivery,v3,140,70.9
297,late delivery,v3,160,70.0
298,wrong order,v3,316,75.8
299,late delivery,v3,236,77.7
300,late delivery,v3,154,61.6
301,late delivery,v2,254,80.1
302,late delivery,v3,269,82.2
303,wrong order,v2,105,52.8
304,late delivery,v3,179,72.4
305,late delivery,v2,129,71.4
306,wrong order,v2,181,60.7
307,late delivery,v3,248,82.9
308,wrong order,v2,352,68.3
309,payment problem,v2,355,65.7
310,payment problem,v2,349,70.1
311,payment problem,v2,288,61.1
312,wrong order,v3,219,72.4
313,late delivery,v2,173,70.6
314,wrong order,v2,272,66.9
315,missing item,v3,205,75.6
316,missing item,v3,312,77.7
317,missing item,v2,256,77.0
318,late delivery,v3,158,74.1
319,late delivery,v3,179,72.4
320,late delivery,v2,121,70.3
321,late delivery,v3,170,72.0
322,late delivery,v3,209,72.0
323,payment problem,v3,276,57.6
324,payment problem,v2,308,61.2
325,late delivery,v3,226,72.4
326,wrong order,v3,219,61.5
327,missing item,v2,154,63.8
328,missing item,v2,247,72.3
329,wrong order,v2,211,63.8
330,late delivery,v3,269,80.7
331,missing item,v3,292,79.4
332,late delivery,v2,176,68.9
333,wrong order,v2,377,76.2
334,late delivery,v2,169,60.6
335,wrong order,v3,268,67.0
336,wrong order,v3,314,65.5
337,payment problem,v3,375,69.1
338,late delivery,v2,60,61.1
339,wrong order,v3,239,70.5
340,late delivery,v3,162,74.7
341,late delivery,v3,155,67.8
342,wrong order,v2,324,72.5
343,late delivery,v3,259,80.5
344,missing item,v3,212,72.8
345,missing item,v2,297,76.4
346,missing item,v3,178,71.5
347,late delivery,v3,229,75.0
348,late delivery,v3,192,72.4
349,wrong order,v2,263,71.2
350,late delivery,v2,219,66.5
351,payment problem,v2,289,56.5
352,missing item,v2,191,67.0
353,late delivery,v3,251,78.8
354,wrong order,v2,214,61.4
355,late delivery,v3,231,77.0
356,wrong order,v2,205,57.3
357,missing item,v2,227,79.0
358,late delivery,v2,159,70.6
359,late delivery,v2,134,68.8
360,missing item,v3,267,74.2
361,late delivery,v3,204,73.3
362,missing item,v2,118,65.8
363,payment problem,v3,361,71.0
364,late delivery,v3,173,77.2
365,missing item,v3,297,88.2
366,payment problem,v2,340,68.1
367,wrong order,v3,224,68.7
368,wrong order,v3,256,70.0
369,late delivery,v3,310,88.3
370,missing item,v2,185,63.8
371,late delivery,v2,266,75.5
372,missing item,v2,214,68.0
373,missing item,v2,166,61.4
374,missing item,v3,274,74.9
375,late delivery,v3,315,85.7
376,late delivery,v2,173,74.6
377,late delivery,v3,111,74.2
378,late delivery,v3,250,80.0
379,late delivery,v3,302,81.4
380,late delivery,v3,174,75.2
381,missing item,v3,301,79.2
382,missing item,v3,291,84.6
383,late delivery,v3,244,76.3
384,payment problem,v2,260,63.3
385,late delivery,v2,125,64.1
386,late delivery,v2,129,68.6
387,late delivery,v3,68,60.1
388,late delivery,v2,221,75.9
389,wrong order,v2,279,65.6
390,late delivery,v3,124,74.9
391,missing item,v2,229,67.8
392,missing item,v3,255,69.7
393,late delivery,v2,223,70.0
394,late delivery,v2,164,73.0
395,payment problem,v2,318,65.9
396,wrong order,v2,282,69.3
397,wrong order,v2,171,60.4
398,missing item,v3,222,72.8
399,payment problem,v2,287,63.7
400,late delivery,v3,305,84.4
401,payment problem,v3,460,82.4
402,late delivery,v3,191,80.4
403,late delivery,v3,178,77.9
404,wrong order,v2,287,70.6
405,wrong order,v2,258,65.8
406,wrong order,v2,345,76.5
407,late delivery,v2,107,67.1
408,payment problem,v2,274,61.3
409,payment problem,v2,318,65.5
410,wrong order,v2,192,61.0
411,missing item,v3,213,64.7
412,wrong order,v2,283,61.6
413,late delivery,v2,97,68.7
414,late delivery,v2,144,65.0
415,late delivery,v2,109,64.8
416,missing item,v3,222,69.8
417,wrong order,v3,339,79.5
418,missing item,v3,294,78.5
419,payment problem,v2,302,66.3
420,late delivery,v2,88,60.6
421,missing item,v3,243,75.7
422,late delivery,v2,121,71.8
423,wrong order,v3,311,70.9
424,late delivery,v2,153,70.5
425,wrong order,v2,132,61.2
426,late delivery,v2,206,74.5
427,missing item,v2,133,61.2
428,late delivery,v3,258,74.6
429,missing item,v2,193,67.5
430,missing item,v3,284,77.2
431,late delivery,v2,117,70.4
432,missing item,v2,207,66.2
433,payment problem,v3,171,55.0
434,wrong order,v3,182,63.7
435,wrong order,v3,252,67.5
436,payment problem,v3,367,67.9
437,payment problem,v2,375,69.0
438,late delivery,v3,152,74.6
439,wrong order,v2,167,56.4
440,missing item,v2,90,63.5
441,payment problem,v3,276,59.2
442,payment problem,v2,233,58.8
443,late delivery,v3,253,81.6
444,wrong order,v2,144,58.0
445,payment problem,v2,340,64.2
446,late delivery,v2,267,81.8
447,late delivery,v3,175,78.2
448,wrong order,v2,258,66.7
449,missing item,v2,144,65.4
450,missing item,v2,165,62.2
451,wrong order,v3,364,80.5
452,late delivery,v3,78,65.4
453,missing item,v2,181,66.0
454,late delivery,v2,175,71.6
455,wrong order,v3,329,79.2
456,late delivery,v3,229,76.4
457,missing item,v3,255,83.0
458,late delivery,v2,170,78.0
459,wrong order,v2,373,75.1
460,late delivery,v2,128,66.3
461,late delivery,v3,146,69.4
462,wrong order,v3,293,70.5
463,payment problem,v2,295,66.0
464,wrong order,v2,349,72.3
465,payment problem,v3,348,75.5
466,late delivery,v3,194,71.5
467,late delivery,v3,142,70.3
468,late delivery,v2,70,61.7
469,payment problem,v3,284,67.7
470,late delivery,v3,358,87.7
471,late delivery,v2,74,63.0
472,wrong order,v2,326,68.4
473,missing item,v3,192,75.2
474,wrong order,v2,249,69.0
475,payment problem,v3,219,61.8
476,late delivery,v2,123,63.5
477,late delivery,v3,208,81.0
478,missing item,v3,252,70.0
479,late delivery,v2,126,64.7
480,missing item,v3,241,76.9
481,missing item,v3,139,70.1
482,missing item,v3,94,68.2
483,late delivery,v3,285,85.6
484,late delivery,v3,216,73.5
485,missing item,v3,435,87.2
486,late delivery,v2,72,59.7
487,wrong order,v3,304,74.3
488,late delivery,v2,231,77.5
489,late delivery,v3,215,80.0
490,payment problem,v3,289,65.6
491,missing item,v2,231,73.1
492,payment problem,v2,282,65.1
493,late delivery,v3,231,82.5
494,late delivery,v3,170,73.5
495,late delivery,v2,193,75.2
496,missing item,v3,198,65.3
497,missing item,v3,290,79.8
498,late delivery,v2,162,60.0
499,missing item,v3,322,81.2
500,payment problem,v2,315,63.6
501,late delivery,v2,204,79.6
502,wrong order,v3,251,72.2
503,late delivery,v3,131,80.5
504,late delivery,v3,145,65.3
505,wrong order,v3,273,72.4
506,missing item,v3,172,70.4
507,missing item,v2,216,70.9
508,late delivery,v2,228,70.9
509,late delivery,v2,165,70.6
510,late delivery,v2,181,76.5
511,late delivery,v3,251,81.5
512,wrong order,v3,235,65.8
513,missing item,v3,283,75.4
514,missing item,v2,142,66.7
515,late delivery,v3,209,79.0
516,missing item,v2,205,63.4
517,missing item,v3,299,78.1
518,wrong order,v2,168,51.7
519,wrong order,v2,272,66.3
520,payment problem,v2,238,63.8
521,late delivery,v3,124,61.9
522,wrong order,v3,325,81.2
523,wrong order,v2,142,55.6
524,late delivery,v2,151,71.6
525,missing item,v2,242,71.8
526,wrong order,v2,200,59.5
527,payment problem,v3,434,74.0
528,missing item,v3,267,72.0
529,late delivery,v3,180,77.3
530,wrong order,v3,262,70.3
531,late delivery,v2,147,59.3
532,missing item,v3,325,81.3
533,late delivery,v3,214,76.9
534,missing item,v3,231,65.9
535,late delivery,v2,214,74.1
536,late delivery,v3,102,69.4
537,payment problem,v3,293,70.1
538,late delivery,v2,119,68.2
539,late delivery,v3,189,75.4
540,wrong order,v2,305,73.5
541,wrong order,v3,273,65.5
542,missing item,v2,268,73.9
543,late delivery,v3,133,70.2
544,late delivery,v3,273,88.3
545,late delivery,v2,181,75.8
546,late delivery,v2,173,70.3
547,missing item,v3,281,71.6
548,missing item,v2,278,80.6
549,missing item,v3,215,72.4
550,late delivery,v2,168,73.4
551,missing item,v2,173,59.0
552,missing item,v2,240,67.2
553,late delivery,v2,133,64.8
554,payment problem,v3,393,77.7
555,payment problem,v2,344,69.8
556,late delivery,v2,112,65.5
557,late delivery,v2,215,76.6
558,late delivery,v2,134,71.9
559,payment problem,v2,297,66.4
560,late delivery,v2,211,73.8
561,wrong order,v3,384,81.3
562,missing item,v3,225,70.9
563,payment problem,v3,299,67.0
564,payment problem,v2,192,49.1
565,late delivery,v2,129,68.7
566,missing item,v3,131,61.6
567,wrong order,v3,326,67.3
568,wrong order,v3,300,67.6
569,late delivery,v3,310,81.7
570,wrong order,v3,336,74.7
571,missing item,v3,275,75.6
572,late delivery,v2,145,68.3
573,late delivery,v2,292,79.9
574,wrong order,v2,244,70.2
575,late delivery,v3,147,71.0
576,missing item,v3,225,67.2
577,payment problem,v2,307,60.9
578,missing item,v3,244,78.6
579,late delivery,v2,240,76.3
580,wrong order,v2,181,62.5
581,missing item,v2,166,66.7
582,late delivery,v3,218,79.6
583,missing item,v3,245,80.1
584,late delivery,v3,114,73.6
585,late delivery,v2,156,64.5
586,missing item,v2,247,71.4
587,late delivery,v2,152,70.5
588,missing item,v2,155,63.8
589,late delivery,v3,239,73.4
590,late delivery,v2,177,73.6
591,wrong order,v3,258,67.1
592,late delivery,v3,164,75.0
593,wrong order,v2,263,70.0
594,late delivery,v3,148,77.4
595,late delivery,v3,164,73.6
596,payment problem,v3,307,61.8
597,wrong order,v2,339,71.0
598,late delivery,v2,81,67.6
599,wrong order,v2,207,63.5
600,late delivery,v2,173,71.0
601,late delivery,v3,197,78.8
602,payment problem,v2,202,50.8
603,wrong order,v3,328,81.4
604,missing item,v2,213,68.9
605,wrong order,v2,264,64.4
606,late delivery,v2,133,67.0
607,missing item,v3,114,61.7
608,wrong order,v2,247,62.8
609,missing item,v2,300,76.9
610,late delivery,v3,237,82.3
611,late delivery,v2,130,64.9
612,wrong order,v3,335,79.3
613,missing item,v3,173,66.3
614,wrong order,v3,303,75.5
615,wrong order,v3,368,78.3
616,late delivery,v3,191,75.2
617,late delivery,v3,161,75.8
618,missing item,v2,156,60.1
619,payment problem,v2,178,49.3
620,missing item,v2,264,77.5
621,late delivery,v2,129,72.8
622,missing item,v3,120,56.3
623,late delivery,v3,310,85.6
624,late delivery,v2,124,61.0
625,missing item,v2,160,64.3
626,wrong order,v2,250,63.5
627,wrong order,v2,207,70.2
628,wrong order,v2,148,51.3
629,wrong order,v3,194,67.1
630,late delivery,v2,265,80.2
631,late delivery,v2,253,75.5
632,late delivery,v2,109,61.6
633,late delivery,v3,157,70.0
634,late delivery,v3,196,81.5
635,payment problem,v3,415,68.0
636,payment problem,v2,368,66.3
637,missing item,v2,159,64.8
638,wrong order,v3,269,71.7
639,wrong order,v3,271,71.4
640,missing item,v2,236,67.2
641,wrong order,v3,299,74.8
642,late delivery,v3,94,67.4
643,missing item,v2,232,69.2
644,wrong order,v3,295,72.3
645,wrong order,v3,321,70.4
646,payment problem,v2,322,64.2
647,late delivery,v3,176,76.6
648,late delivery,v2,253,73.6
649,missing item,v3,269,75.7
650,wrong order,v2,275,61.2
651,wrong order,v3,202,67.6
652,late delivery,v2,259,87.5
653,missing item,v2,212,68.0
654,wrong order,v2,112,56.0
655,late delivery,v2,165,68.3
656,wrong order,v3,337,74.7
657,wrong order,v2,297,72.0
658,late delivery,v3,145,68.0
659,late delivery,v3,160,74.5
660,late delivery,v3,226,85.8
661,wrong order,v2,257,67.0
662,missing item,v3,207,73.0
663,missing item,v2,124,61.8
664,late delivery,v3,273,81.9
665,wrong order,v3,276,72.2
666,late delivery,v3,264,78.5
667,missing item,v2,150,57.8
668,late delivery,v3,178,70.8
669,missing item,v3,219,74.0
670,wrong order,v3,231,66.8
671,wrong order,v3,242,68.0
672,late delivery,v2,129,70.1
673,missing item,v3,176,67.7
674,missing item,v2,168,61.9
675,late delivery,v3,217,74.6
676,late delivery,v2,189,64.7
677,payment problem,v3,360,74.6
678,late delivery,v3,162,69.5
679,missing item,v3,279,73.0
680,payment problem,v2,265,58.3
681,wrong order,v3,301,74.4
682,late delivery,v3,157,71.4
683,missing item,v3,240,75.5
684,late delivery,v3,192,72.2
685,late delivery,v3,183,81.1
686,missing item,v2,219,75.3
687,payment problem,v2,305,67.0
688,payment problem,v3,411,74.1
689,late delivery,v3,270,82.1
690,missing item,v3,309,79.7
691,payment problem,v3,371,76.9
692,missing item,v2,192,60.7
693,payment problem,v3,344,75.7
694,missing item,v2,291,71.8
695,late delivery,v3,250,79.5
696,late delivery,v3,144,78.9
697,late delivery,v2,177,75.8
698,late delivery,v2,246,72.7
699,late delivery,v2,213,73.9
700,late delivery,v2,136,68.1
701,payment problem,v2,343,68.0
702,missing item,v2,243,71.5
703,payment problem,v2,259,61.3
704,missing item,v2,239,68.6
705,wrong order,v3,345,77.4
706,late delivery,v3,306,81.5
707,wrong order,v3,174,65.0
708,wrong order,v2,318,70.0
709,wrong order,v3,342,79.8
710,late delivery,v3,136,71.1
711,late delivery,v2,124,69.5
712,payment problem,v2,258,61.2
713,missing item,v3,309,78.5
714,late delivery,v3,189,70.4
715,wrong order,v2,266,64.4
716,payment problem,v2,246,61.3
717,payment problem,v3,276,67.4
718,late delivery,v2,121,69.5
719,late delivery,v2,79,63.4
720,late delivery,v2,225,76.2
721,wrong order,v2,190,58.5
722,payment problem,v3,381,65.8
723,late delivery,v3,149,71.0
724,wrong order,v3,290,74.7
725,payment problem,v2,199,46.5
726,late delivery,v3,275,85.0
727,wrong order,v2,297,66.2
728,late delivery,v3,225,87.2
729,late delivery,v3,88,59.2
730,late delivery,v3,209,79.9
731,missing item,v3,359,82.6
732,payment problem,v3,347,75.1
733,late delivery,v3,131,76.1
734,wrong order,v2,250,71.9
735,late delivery,v3,224,76.7
736,missing item,v2,257,65.7
737,late delivery,v3,226,81.3
738,late delivery,v3,108,73.2
739,late delivery,v3,181,75.0
740,missing item,v2,215,70.6
741,payment problem,v3,208,57.1
742,wrong order,v2,251,61.3
743,payment problem,v3,415,83.3
744,late delivery,v2,61,61.7
745,missing item,v3,239,75.7
746,wrong order,v3,246,67.3
747,missing item,v3,266,82.9
748,wrong order,v2,224,61.8
749,wrong order,v3,213,61.7
750,late delivery,v3,184,76.7
751,late delivery,v3,116,63.9
752,wrong order,v2,287,73.8
753,missing item,v3,357,86.8
754,late delivery,v3,220,81.8
755,payment problem,v3,350,68.6
756,missing item,v3,266,74.5
757,late delivery,v2,253,79.3
758,late delivery,v3,196,70.9
759,late delivery,v3,107,65.4
760,missing item,v3,182,70.6
761,payment problem,v2,244,57.9
762,late delivery,v3,173,77.1
763,payment problem,v2,341,74.8
764,missing item,v2,80,56.3
765,late delivery,v2,227,75.1
766,late delivery,v2,120,65.5
767,late delivery,v3,228,78.5
768,missing item,v2,265,67.9
769,missing item,v2,241,75.6
770,wrong order,v3,318,72.9
771,missing item,v2,206,65.3
772,payment problem,v2,297,65.8
773,missing item,v3,301,78.8
774,late delivery,v3,356,89.6
775,wrong order,v3,322,69.9
776,late delivery,v3,181,73.9
777,missing item,v2,231,70.6
778,wrong order,v2,207,61.8
779,payment problem,v2,258,62.2
780,missing item,v2,223,65.8
781,missing item,v3,205,73.0
782,late delivery,v3,215,78.2
783,payment problem,v3,344,71.3
784,missing item,v3,266,74.6
785,wrong order,v3,257,65.7
786,late delivery,v2,209,71.0
787,missing item,v2,174,70.7
788,late delivery,v2,189,75.7
789,wrong order,v2,182,58.8
790,payment problem,v2,259,58.6
791,late delivery,v3,246,77.0
792,missing item,v2,202,71.0
793,late delivery,v3,305,78.2
794,late delivery,v2,95,65.9
795,late delivery,v3,213,71.0
796,payment problem,v3,357,67.7
797,payment problem,v3,383,66.2
798,wrong order,v2,290,71.8
799,missing item,v2,331,82.9
800,missing item,v2,136,66.4
801,wrong order,v3,395,78.6
802,wrong order,v3,233,73.1
803,late delivery,v3,249,91.0
804,missing item,v3,246,75.4
805,missing item,v3,189,63.3
806,late delivery,v2,112,64.7
807,missing item,v3,255,73.0
808,wrong order,v2,137,62.2
809,late delivery,v2,218,76.2
810,payment problem,v3,345,64.9
811,payment problem,v3,430,82.2
812,payment problem,v3,324,65.1
813,late delivery,v3,194,74.8
814,late delivery,v2,155,71.9
815,payment problem,v2,261,62.4
816,missing item,v3,336,86.3
817,late delivery,v3,183,75.8
818,late delivery,v2,157,64.9
819,late delivery,v3,243,77.2
820,missing item,v2,148,60.5
821,late delivery,v3,220,83.3
822,late delivery,v2,120,68.1
823,late delivery,v2,192,73.3
824,payment problem,v3,150,53.4
825,late delivery,v2,91,67.6
826,missing item,v2,196,67.8
827,late delivery,v2,201,74.0
828,late delivery,v2,60,63.2
829,missing item,v3,234,73.5
830,late delivery,v3,281,87.7
831,late delivery,v3,246,77.6
832,missing item,v2,216,71.2
833,late delivery,v2,269,77.5
834,late delivery,v2,167,63.0
835,late delivery,v2,203,78.8
836,wrong order,v3,359,77.1
837,late delivery,v3,143,69.2
838,late delivery,v3,167,77.8
839,late delivery,v3,179,78.9
840,late delivery,v2,104,61.3
841,late delivery,v3,173,74.0
842,late delivery,v2,183,68.6
843,wrong order,v2,214,56.7
844,missing item,v2,217,69.2
845,late delivery,v2,135,67.0
846,late delivery,v3,311,86.8
847,late delivery,v3,168,71.0
848,wrong order,v3,224,61.8
849,late delivery,v2,130,69.6
850,missing item,v2,111,58.4
851,wrong order,v2,266,64.0
852,payment problem,v3,332,69.1
853,late delivery,v2,149,71.2
854,missing item,v2,178,69.2
855,wrong order,v2,309,71.7
856,late delivery,v2,81,59.2
857,payment problem,v3,262,67.1
858,wrong order,v3,224,68.4
859,wrong order,v3,269,72.0
860,wrong order,v3,146,55.2
861,late delivery,v3,111,66.1
862,missing item,v3,285,75.6
863,wrong order,v2,240,65.1
864,late delivery,v3,144,73.0
865,payment problem,v3,325,62.9
866,late delivery,v3,106,73.7
867,wrong order,v2,390,72.0
868,missing item,v3,268,75.2
869,missing item,v2,215,65.7
870,wrong order,v3,298,73.2
871,late delivery,v2,130,75.7
872,payment problem,v2,290,61.8
873,payment problem,v3,332,68.2
874,late delivery,v2,155,69.0
875,payment problem,v3,292,60.2
876,wrong order,v2,207,60.4
877,late delivery,v2,126,61.0
878,late delivery,v2,243,76.2
879,late delivery,v2,60,58.2
880,late delivery,v3,165,73.2
881,missing item,v3,173,69.6
882,wrong order,v3,243,68.1
883,missing item,v3,267,84.2
884,missing item,v3,354,80.9
885,late delivery,v2,200,67.1
886,wrong order,v2,245,69.3
887,missing item,v3,265,71.5
888,missing item,v2,238,74.8
889,payment problem,v3,340,67.8
890,wrong order,v3,344,77.0
891,late delivery,v2,161,73.0
892,late delivery,v2,169,65.0
893,wrong order,v2,269,69.1
894,wrong order,v3,319,67.6
895,wrong order,v2,238,68.0
896,late delivery,v2,230,75.7
897,late delivery,v3,142,68.2
898,late delivery,v3,186,76.1
899,missing item,v2,228,69.0
900,payment problem,v3,421,83.6
901,late delivery,v2,233,70.9
902,missing item,v3,220,77.4
903,wrong order,v3,318,73.0
904,payment problem,v3,340,72.6
905,payment problem,v3,382,69.9
906,late delivery,v2,126,64.2
907,missing item,v3,209,72.7
908,missing item,v3,277,78.2
909,late delivery,v2,135,70.9
910,late delivery,v2,170,70.1
911,late delivery,v3,296,82.9
912,late delivery,v3,211,78.1
913,wrong order,v3,288,72.1
914,missing item,v2,205,66.7
915,missing item,v3,227,78.5
916,wrong order,v2,273,63.0
917,wrong order,v2,204,56.8
918,wrong order,v3,193,63.6
919,late delivery,v3,283,81.5
920,missing item,v2,190,74.0
921,missing item,v2,154,60.7
922,payment problem,v3,313,72.7
923,late delivery,v2,205,71.3
924,missing item,v3,132,58.2
925,missing item,v3,331,77.1
926,payment problem,v2,340,69.7
927,late delivery,v2,250,76.9
928,missing item,v3,162,67.0
929,late delivery,v2,115,64.3
930,payment problem,v3,337,75.5
931,payment problem,v2,317,62.4
932,missing item,v3,203,68.1
933,payment problem,v2,340,67.5
934,late delivery,v3,230,81.5
935,missing item,v2,267,72.2
936,payment problem,v3,326,64.7
937,late delivery,v2,122,64.6
938,wrong order,v2,349,74.9
939,missing item,v2,338,83.0
940,late delivery,v2,187,70.4
941,late delivery,v2,222,77.1
942,missing item,v3,335,78.7
943,payment problem,v2,244,67.5
944,payment problem,v3,296,63.9
945,late delivery,v3,319,87.8
946,late delivery,v3,186,75.9
947,late delivery,v2,124,66.9
948,wrong order,v2,267,65.8
949,payment problem,v3,304,62.7
950,late delivery,v3,214,78.2
951,late delivery,v2,87,73.7
952,payment problem,v2,311,58.7
953,wrong order,v2,246,64.7
954,payment problem,v3,281,60.0
955,missing item,v2,213,67.9
956,missing item,v2,318,70.4
957,late delivery,v3,207,79.2
958,wrong order,v3,324,72.7
959,missing item,v3,391,83.4
960,payment problem,v2,250,61.9
961,late delivery,v3,175,78.5
962,missing item,v3,201,74.7
963,payment problem,v2,208,56.6
964,wrong order,v3,287,71.6
965,late delivery,v2,140,69.7
966,wrong order,v3,285,70.5
967,late delivery,v3,313,84.8
968,wrong order,v2,157,57.6
969,wrong order,v2,267,66.9
970,late delivery,v2,214,69.9
971,late delivery,v3,243,74.7
972,late delivery,v3,240,80.5
973,wrong order,v2,269,67.3
974,payment problem,v2,278,57.6
975,missing item,v3,193,63.2
976,late delivery,v2,131,67.7
977,wrong order,v3,321,72.5
978,payment problem,v3,284,69.2
979,payment problem,v3,426,74.3
980,late delivery,v3,221,81.7
981,wrong order,v3,283,67.6
982,late delivery,v3,155,74.9
983,payment problem,v3,399,75.8
984,payment problem,v2,376,70.8
985,missing item,v3,285,74.8
986,late delivery,v3,265,80.9
987,wrong order,v2,290,70.6
988,late delivery,v3,226,67.7
989,missing item,v2,147,67.1
990,missing item,v3,225,78.0
991,missing item,v2,202,78.1
992,late delivery,v3,191,74.1
993,payment problem,v2,343,63.9
994,wrong order,v3,266,71.3
995,missing item,v2,127,61.6
996,wrong order,v3,261,74.6
997,late delivery,v3,209,76.0
998,missing item,v3,191,73.7
999,payment problem,v3,309,67.3
1000,late delivery,v2,195,68.5
1001,late delivery,v3,371,88.8
1002,wrong order,v3,265,72.1
1003,missing item,v2,168,70.6
1004,wrong order,v3,278,65.5
1005,late delivery,v2,251,78.2
1006,late delivery,v3,274,85.8
1007,late delivery,v3,284,82.5
1008,missing item,v2,179,73.4
1009,payment problem,v3,336,67.4
1010,wrong order,v3,245,65.6
1011,late delivery,v2,214,76.6
1012,late delivery,v2,172,74.2
1013,payment problem,v2,220,53.1
1014,late delivery,v2,107,67.8
1015,wrong order,v3,332,75.2
1016,late delivery,v3,261,79.3
1017,wrong order,v2,274,71.7
1018,missing item,v3,243,77.2
1019,wrong order,v2,195,55.6
1020,payment problem,v3,286,61.5
1021,wrong order,v2,260,65.8
1022,payment problem,v3,272,64.0
1023,missing item,v2,196,65.3
1024,late delivery,v2,161,72.0
1025,payment problem,v3,332,74.4
1026,late delivery,v2,108,64.0
1027,payment problem,v2,376,69.9
1028,late delivery,v2,86,63.4
1029,missing item,v2,126,58.0
1030,late delivery,v2,173,70.1
1031,payment problem,v2,242,54.1
1032,payment problem,v3,394,71.6
1033,late delivery,v2,240,76.6
1034,missing item,v3,190,67.7
1035,missing item,v3,335,83.8
1036,missing item,v2,230,71.0
1037,missing item,v3,264,81.9
1038,late delivery,v2,92,67.1
1039,late delivery,v3,96,64.3
1040,missing item,v2,286,75.0
1041,late delivery,v2,172,72.8
1042,missing item,v2,312,79.1
1043,late delivery,v3,97,70.1
1044,payment problem,v2,350,62.0
1045,missing item,v2,264,75.5
1046,late delivery,v3,208,76.5
1047,missing item,v3,213,77.6
1048,payment problem,v2,294,69.7
1049,payment problem,v2,273,53.7
1050,missing item,v3,211,65.7
1051,wrong order,v2,129,58.6
1052,payment problem,v2,285,60.6
1053,wrong order,v3,333,80.0
1054,missing item,v2,109,60.3
1055,wrong order,v2,305,64.4
1056,missing item,v3,194,72.2
1057,payment problem,v2,356,67.3
1058,late delivery,v2,204,73.8
1059,late delivery,v2,155,65.3
1060,payment problem,v2,282,65.1
1061,missing item,v2,224,75.2
1062,late delivery,v2,227,77.1
1063,missing item,v3,169,69.8
1064,late delivery,v2,139,66.5
1065,missing item,v2,210,62.2
1066,missing item,v3,293,83.5
1067,late delivery,v3,228,75.2
1068,payment problem,v2,305,65.8
1069,wrong order,v2,236,64.0
1070,wrong order,v2,223,65.1
1071,late delivery,v2,173,70.6
1072,missing item,v3,220,74.3
1073,payment problem,v2,351,74.2
1074,late delivery,v3,172,78.5
1075,late delivery,v2,77,56.7
1076,payment problem,v3,320,63.6
1077,wrong order,v2,236,65.6
1078,late delivery,v3,227,81.6
1079,missing item,v2,258,72.8
1080,wrong order,v3,275,72.6
1081,wrong order,v3,310,70.7
1082,late delivery,v3,186,73.6
1083,late delivery,v2,173,75.0
1084,missing item,v3,224,71.4
1085,payment problem,v3,213,59.7
1086,late delivery,v2,192,66.9
1087,missing item,v3,264,72.2
1088,wrong order,v3,232,72.4
1089,missing item,v3,221,69.5
1090,wrong order,v3,294,70.5
1091,missing item,v2,225,68.1
1092,late delivery,v2,99,64.2
1093,wrong order,v3,336,77.8
1094,wrong order,v3,293,77.4
1095,missing item,v3,223,69.6
1096,late delivery,v2,155,67.1
1097,late delivery,v2,204,80.4
1098,late delivery,v2,92,63.5
1099,missing item,v3,274,75.2
1100,late delivery,v2,186,70.9
1101,missing item,v2,217,68.0
1102,late delivery,v2,160,72.0
1103,payment problem,v2,171,56.3
1104,wrong order,v3,295,76.7
1105,late delivery,v2,189,72.0
1106,wrong order,v3,224,63.1
1107,missing item,v2,218,71.8
1108,payment problem,v3,385,71.5
1109,late delivery,v2,280,87.3
1110,missing item,v2,315,76.3
1111,late delivery,v2,167,64.0
1112,late delivery,v3,231,85.0
1113,late delivery,v3,208,79.5
1114,missing item,v2,280,72.0
1115,late delivery,v2,171,73.4
1116,payment problem,v3,279,67.4
1117,late delivery,v3,177,72.0
1118,missing item,v2,265,69.3
1119,wrong order,v3,176,63.4
1120,payment problem,v3,269,66.5
1121,wrong order,v2,245,64.8
1122,late delivery,v3,60,63.2
1123,missing item,v2,214,74.1
1124,payment problem,v2,300,61.8
1125,payment problem,v3,347,74.3
1126,wrong order,v3,218,68.0
1127,missing item,v2,253,68.1
1128,late delivery,v3,213,83.6
1129,payment problem,v3,441,75.9
1130,wrong order,v3,222,70.2
1131,wrong order,v2,217,58.3
1132,late delivery,v2,60,58.1
1133,missing item,v3,233,71.1
1134,missing item,v3,219,73.3
1135,wrong order,v3,225,68.7
1136,late delivery,v2,293,85.3
1137,wrong order,v3,350,68.5
1138,late delivery,v2,282,81.3
1139,late delivery,v3,236,85.8
1140,missing item,v3,175,71.3
1141,wrong order,v2,205,62.9
1142,wrong order,v2,365,72.6
1143,wrong order,v2,255,63.3
1144,late delivery,v2,194,72.3
1145,late delivery,v2,199,67.3
1146,wrong order,v3,271,70.0
1147,late delivery,v3,148,71.7
1148,wrong order,v3,365,71.3
1149,late delivery,v3,346,90.4
1150,wrong order,v3,229,73.1
1151,missing item,v3,235,74.2
1152,late delivery,v2,197,71.9
1153,missing item,v2,258,75.5
1154,late delivery,v3,176,74.8
1155,missing item,v3,260,78.2
1156,wrong order,v2,230,66.6
1157,late delivery,v3,189,77.5
1158,missing item,v2,170,62.1
1159,late delivery,v3,285,80.9
1160,payment problem,v3,233,59.8
1161,late delivery,v3,372,92.1
1162,late delivery,v3,156,69.9
1163,missing item,v3,273,72.2
1164,payment problem,v2,252,59.5
1165,payment problem,v3,333,71.1
1166,payment problem,v2,283,57.6
1167,late delivery,v3,305,84.7
1168,missing item,v3,204,72.1
1169,payment problem,v3,313,71.2
1170,missing item,v2,187,67.1
1171,late delivery,v2,117,65.8
1172,late delivery,v3,230,80.6
1173,wrong order,v3,268,73.9
1174,missing item,v2,263,77.3
1175,missing item,v2,227,67.1
1176,late delivery,v2,179,69.1
1177,payment problem,v3,379,68.2
1178,late delivery,v2,196,76.6
1179,late delivery,v3,158,74.2
1180,late delivery,v3,194,70.1
1181,missing item,v2,135,66.7
1182,missing item,v3,236,77.5
1183,late delivery,v3,233,74.8
1184,payment problem,v3,347,69.7
1185,missing item,v3,310,72.2
1186,late delivery,v3,205,78.4
1187,payment problem,v3,391,78.1
1188,late delivery,v3,312,84.9
1189,payment problem,v3,334,70.5
1190,payment problem,v2,291,60.8
1191,late delivery,v3,173,71.8
1192,late delivery,v2,100,69.7
1193,wrong order,v3,254,66.9
1194,missing item,v3,294,78.4
1195,wrong order,v2,195,59.5
1196,payment problem,v2,311,66.9
1197,missing item,v2,212,71.3
1198,wrong order,v3,259,74.3
1199,payment problem,v2,355,60.9
1200,payment problem,v2,278,59.8
1201,late delivery,v3,210,78.7
1202,payment problem,v3,302,63.0
1203,late delivery,v3,113,67.0
1204,payment problem,v2,347,60.6
1205,late delivery,v2,120,65.4
1206,missing item,v3,241,73.7
1207,late delivery,v3,286,83.5
1208,payment problem,v3,256,55.5
1209,wrong order,v3,391,78.0
1210,late delivery,v3,133,72.6
1211,payment problem,v2,234,60.7
1212,late delivery,v2,160,64.7
1213,payment problem,v2,254,64.8
1214,missing item,v3,239,75.8
1215,missing item,v3,274,80.0
1216,late delivery,v2,230,74.2
1217,payment problem,v2,302,61.6
1218,wrong order,v2,272,62.3
1219,wrong order,v2,157,62.2
1220,wrong order,v2,214,55.8
1221,late delivery,v2,192,68.4
1222,late delivery,v2,252,80.6
1223,missing item,v2,259,69.0
1224,late delivery,v3,169,71.8
1225,missing item,v2,169,66.7
1226,wrong order,v2,250,62.6
1227,late delivery,v3,198,79.7
1228,missing item,v3,303,76.7
1229,wrong order,v2,204,67.4
1230,wrong order,v3,318,74.5
1231,wrong order,v3,347,82.1
1232,late delivery,v2,204,72.6
1233,late delivery,v2,113,69.2
1234,payment problem,v2,289,62.9
1235,late delivery,v3,206,78.7
1236,missing item,v2,88,63.4
1237,payment problem,v3,229,65.0
1238,payment problem,v3,207,57.9
1239,late delivery,v3,238,75.8
1240,payment problem,v2,211,56.1
1241,late delivery,v2,242,73.9
1242,missing item,v2,181,60.2
1243,late delivery,v2,78,58.5
1244,wrong order,v3,222,69.2
1245,late delivery,v2,155,71.1
1246,late delivery,v3,194,71.6
1247,missing item,v3,297,75.9
1248,payment problem,v3,357,73.8
1249,missing item,v3,187,69.9
1250,payment problem,v3,350,69.0
1251,late delivery,v2,115,69.1
1252,late delivery,v3,314,85.8
1253,wrong order,v2,160,50.4
1254,late delivery,v2,225,72.9
1255,missing item,v3,271,75.7
1256,wrong order,v2,235,65.2
1257,payment problem,v2,233,58.0
1258,wrong order,v2,205,53.7
1259,missing item,v2,207,67.5
1260,wrong order,v3,335,77.3
1261,wrong order,v2,171,60.3
1262,missing item,v2,187,69.5
1263,missing item,v2,164,71.6
1264,wrong order,v2,258,64.4
1265,late delivery,v2,187,77.4
1266,wrong order,v3,347,77.6
1267,wrong order,v2,282,75.4
1268,late delivery,v3,249,87.6
1269,missing item,v3,202,69.1
1270,late delivery,v2,109,61.3
1271,late delivery,v3,260,82.8
1272,late delivery,v3,316,85.5
1273,late delivery,v2,60,66.8
1274,wrong order,v3,273,71.1
1275,missing item,v2,186,66.8
1276,late delivery,v2,197,68.5
1277,wrong order,v2,394,77.7
1278,missing item,v2,208,65.1
1279,late delivery,v3,265,81.5
1280,wrong order,v2,291,63.2
1281,missing item,v3,293,76.9
1282,wrong order,v3,377,81.6
1283,payment problem,v3,343,73.6
1284,missing item,v2,207,69.9
1285,wrong order,v2,191,56.5
1286,payment problem,v3,287,65.9
1287,missing item,v3,302,79.9
1288,missing item,v2,218,69.9
1289,late delivery,v2,101,59.1
1290,late delivery,v3,239,85.3
1291,late delivery,v2,85,64.3
1292,late delivery,v2,247,78.5
1293,late delivery,v2,138,64.6
1294,missing item,v3,224,73.0
1295,wrong order,v2,292,75.5
1296,missing item,v2,195,66.6
1297,missing item,v2,296,71.2
1298,missing item,v2,246,77.4
1299,late delivery,v2,224,78.3
1300,late delivery,v3,244,77.5
1301,missing item,v3,202,73.0
1302,late delivery,v2,184,69.8
1303,late delivery,v3,127,66.6
1304,wrong order,v3,203,60.1
1305,late delivery,v3,147,70.9
1306,late delivery,v3,141,63.8
1307,late delivery,v3,190,77.1
1308,missing item,v3,339,85.2
1309,payment problem,v2,319,64.5
1310,late delivery,v3,218,73.8
1311,late delivery,v2,152,67.3
1312,missing item,v3,142,67.8
1313,payment problem,v3,368,73.9
1314,late delivery,v2,154,63.1
1315,late delivery,v2,214,79.0
1316,late delivery,v2,98,68.6
1317,late delivery,v3,254,76.0
1318,payment problem,v2,305,68.2
1319,late delivery,v2,172,70.4
1320,wrong order,v3,299,68.8
1321,late delivery,v3,234,79.9
1322,payment problem,v2,341,71.4
1323,missing item,v3,195,69.0
1324,wrong order,v3,223,67.8
1325,payment problem,v2,252,62.7
1326,missing item,v2,246,74.1
1327,missing item,v2,242,65.9
1328,missing item,v3,173,70.3
1329,missing item,v2,238,73.0
1330,late delivery,v2,118,66.5
1331,late delivery,v3,238,79.9
1332,wrong order,v2,162,61.7
1333,wrong order,v2,253,62.2
1334,payment problem,v3,391,77.1
1335,late delivery,v3,248,79.9
1336,late delivery,v2,111,63.2
1337,missing item,v2,294,82.8
1338,missing item,v2,275,78.1
1339,late delivery,v3,269,86.3
1340,late delivery,v3,168,80.3
1341,late delivery,v3,187,80.4
1342,wrong order,v3,328,70.6
1343,wrong order,v2,319,77.7
1344,wrong order,v3,222,67.0
1345,late delivery,v2,223,73.1
1346,late delivery,v2,131,68.6
1347,late delivery,v2,162,71.9
1348,late delivery,v3,295,93.4
1349,wrong order,v3,307,69.5
1350,late delivery,v3,225,79.3
1351,missing item,v2,160,64.3
1352,missing item,v3,175,67.8
1353,wrong order,v2,249,63.7
1354,late delivery,v3,189,77.9
1355,late delivery,v2,180,72.5
1356,missing item,v3,214,77.6
1357,payment problem,v2,334,68.6
1358,missing item,v3,240,79.3
1359,late delivery,v2,119,68.1
1360,missing item,v3,268,75.1
1361,wrong order,v3,310,72.9
1362,payment problem,v3,334,71.3
1363,late delivery,v3,250,88.5
1364,late delivery,v2,255,79.6
1365,late delivery,v3,143,73.1
1366,late delivery,v3,227,79.0
1367,payment problem,v2,284,60.5
1368,missing item,v3,173,66.5
1369,late delivery,v3,192,80.0
1370,wrong order,v2,207,64.0
1371,late delivery,v3,238,78.4
1372,missing item,v2,140,66.0
1373,missing item,v2,123,55.2
1374,late delivery,v3,256,76.5
1375,payment problem,v2,288,66.0
1376,late delivery,v3,244,82.2
1377,late delivery,v3,323,82.7
1378,missing item,v3,229,73.5
1379,wrong order,v3,241,65.3
1380,late delivery,v3,208,72.0
1381,payment problem,v2,219,49.5
1382,late delivery,v3,224,83.9
1383,late delivery,v2,203,75.7
1384,wrong order,v2,113,48.8
1385,missing item,v2,111,60.2
1386,missing item,v2,195,63.4
1387,missing item,v3,192,65.9
1388,late delivery,v2,82,62.0
1389,payment problem,v3,346,70.7
1390,missing item,v2,60,59.7
1391,late delivery,v2,79,62.8
1392,wrong order,v2,338,69.8
1393,late delivery,v2,155,69.9
1394,wrong order,v3,247,70.8
1395,late delivery,v3,121,72.3
1396,missing item,v3,212,70.5
1397,wrong order,v3,299,75.9
1398,missing item,v2,186,69.6
1399,wrong order,v3,195,65.3
1400,late delivery,v3,199,75.2
1401,late delivery,v3,254,82.9
1402,late delivery,v3,232,75.4
1403,missing item,v3,234,76.4
1404,late delivery,v2,169,70.5
1405,late delivery,v2,277,77.6
1406,wrong order,v3,291,71.8
1407,late delivery,v3,210,81.4
1408,payment problem,v2,250,53.5
1409,late delivery,v2,152,71.2
1410,late delivery,v2,132,68.5
1411,wrong order,v2,155,55.1
1412,missing item,v3,198,70.1
1413,missing item,v2,219,67.3
1414,late delivery,v3,249,76.5
1415,late delivery,v3,329,89.2
1416,late delivery,v3,209,70.0
1417,missing item,v3,300,81.0
1418,wrong order,v2,210,65.0
1419,payment problem,v3,350,74.8
1420,late delivery,v2,60,62.1
1421,late delivery,v2,161,64.4
1422,late delivery,v3,161,67.9
1423,missing item,v3,321,83.1
1424,late delivery,v3,197,76.0
1425,late delivery,v3,147,64.7
1426,wrong order,v3,241,64.9
1427,missing item,v2,121,65.4
1428,late delivery,v2,272,81.0
1429,late delivery,v3,169,78.2
1430,late delivery,v3,203,84.6
1431,payment problem,v2,221,57.0
1432,late delivery,v2,239,84.4
1433,late delivery,v2,151,73.0
1434,late delivery,v3,114,64.0
1435,wrong order,v2,265,72.1
1436,payment problem,v2,226,62.3
1437,late delivery,v3,256,80.5
1438,missing item,v3,304,74.7
1439,wrong order,v3,394,83.6
1440,payment problem,v3,335,74.0
1441,missing item,v2,203,70.0
1442,payment problem,v3,183,59.0
1443,payment problem,v3,354,75.5
1444,late delivery,v2,122,68.4
1445,wrong order,v2,191,64.9
1446,payment problem,v3,443,73.5
1447,missing item,v3,279,77.7
1448,late delivery,v3,116,64.6
1449,late delivery,v3,261,83.8
1450,late delivery,v3,116,74.4
1451,wrong order,v2,249,65.4
1452,missing item,v3,187,62.9
1453,late delivery,v3,268,85.9
1454,late delivery,v3,182,74.5
1455,late delivery,v3,287,80.7
1456,late delivery,v3,151,69.4
1457,missing item,v2,157,69.1
1458,payment problem,v2,369,71.2
1459,late delivery,v3,147,75.9
1460,late delivery,v3,254,77.4
1461,late delivery,v3,358,84.7
1462,late delivery,v3,121,69.9
1463,late delivery,v3,204,79.9
1464,missing item,v3,253,77.9
1465,late delivery,v3,214,77.9
1466,late delivery,v2,242,76.0
1467,late delivery,v2,155,75.6
1468,wrong order,v3,289,76.6
1469,missing item,v2,94,56.6
1470,missing item,v3,280,73.4
1471,late delivery,v3,225,88.9
1472,payment problem,v3,383,76.7
1473,late delivery,v2,222,77.2
1474,late delivery,v3,104,69.4
1475,late delivery,v3,165,72.5
1476,late delivery,v3,275,85.0
1477,wrong order,v3,212,67.9
1478,wrong order,v3,249,70.6
1479,wrong order,v2,264,67.0
1480,wrong order,v3,299,70.7
1481,late delivery,v3,164,72.0
1482,missing item,v2,219,68.0
1483,late delivery,v3,272,84.3
1484,missing item,v3,244,74.5
1485,late delivery,v3,197,79.7
1486,wrong order,v3,202,67.7
1487,wrong order,v3,230,65.5
1488,late delivery,v2,98,65.1
1489,late delivery,v2,148,68.1
1490,wrong order,v2,280,68.4
1491,late delivery,v3,146,72.7
1492,late delivery,v3,143,71.2
1493,payment problem,v2,221,57.8
1494,wrong order,v2,227,62.2
1495,late delivery,v3,100,71.2
1496,missing item,v2,168,67.5
1497,late delivery,v2,117,68.2
1498,late delivery,v3,203,77.2
1499,late delivery,v2,230,75.1
1500,payment problem,v2,368,68.4
1501,late delivery,v2,145,66.6
1502,missing item,v2,317,79.7
1503,wrong order,v3,230,64.3
1504,late delivery,v2,170,70.8
1505,missing item,v2,215,74.1
1506,late delivery,v2,221,72.6
1507,wrong order,v2,251,65.3
1508,payment problem,v2,267,54.6
1509,wrong order,v3,305,70.7
1510,wrong order,v2,195,63.9
1511,late delivery,v3,243,76.9
1512,late delivery,v2,93,62.8
1513,payment problem,v2,182,50.1
1514,late delivery,v3,188,80.0
1515,wrong order,v3,248,71.3
1516,wrong order,v2,197,63.4
1517,missing item,v3,233,74.0
1518,missing item,v2,317,78.4
1519,missing item,v2,191,64.5
1520,late delivery,v2,229,83.5
1521,late delivery,v3,272,80.4
1522,missing item,v3,275,79.6
1523,late delivery,v2,176,71.8
1524,late delivery,v3,226,80.7
1525,late delivery,v3,200,75.3
1526,wrong order,v3,206,56.2
1527,late delivery,v2,252,77.2
1528,missing item,v3,222,69.2
1529,missing item,v3,236,73.7
1530,missing item,v3,174,64.4
1531,payment problem,v2,290,69.6
1532,late delivery,v2,238,80.3
1533,payment problem,v3,321,66.5
1534,missing item,v3,263,80.2
1535,wrong order,v2,317,67.2
1536,payment problem,v2,355,68.9
1537,wrong order,v3,297,66.1
1538,wrong order,v3,342,78.0
1539,payment problem,v2,253,62.3
1540,late delivery,v3,198,77.0
1541,missing item,v2,218,69.1
1542,late delivery,v3,200,84.6
1543,payment problem,v2,321,67.0
1544,payment problem,v2,350,63.5
1545,late delivery,v2,209,77.6
1546,payment problem,v3,290,58.8
1547,missing item,v2,181,57.6
1548,wrong order,v3,356,69.1
1549,late delivery,v2,227,70.4
1550,wrong order,v2,214,56.6
1551,payment problem,v3,362,72.3
1552,wrong order,v2,320,71.2
1553,wrong order,v2,193,62.3
1554,wrong order,v2,227,67.1
1555,wrong order,v2,358,76.6
1556,late delivery,v3,211,80.3
1557,missing item,v3,307,78.4
1558,wrong order,v3,281,75.4
1559,late delivery,v2,224,77.7
1560,wrong order,v2,319,69.1
1561,late delivery,v3,162,73.1
1562,late delivery,v3,202,78.0
1563,payment problem,v3,341,73.6
1564,late delivery,v2,143,66.9
1565,wrong order,v3,328,74.8
1566,late delivery,v2,240,74.4
1567,late delivery,v3,195,72.4
1568,missing item,v3,294,83.0
1569,wrong order,v2,91,56.3
1570,missing item,v3,193,62.9
1571,late delivery,v3,228,75.8
1572,wrong order,v3,253,63.6
1573,late delivery,v2,166,65.4
1574,late delivery,v3,243,81.3
1575,missing item,v2,221,70.7
1576,late delivery,v3,236,81.3
1577,late delivery,v3,200,73.6
1578,late delivery,v2,225,74.6
1579,payment problem,v3,324,64.9
1580,missing item,v3,193,67.9
1581,late delivery,v3,158,68.5
1582,late delivery,v3,306,87.5
1583,late delivery,v2,136,65.6
1584,missing item,v3,222,77.8
1585,late delivery,v3,293,82.2
1586,wrong order,v3,264,67.4
1587,missing item,v3,259,80.7
1588,missing item,v3,314,77.4
1589,payment problem,v3,244,65.7
1590,wrong order,v3,292,64.5
1591,missing item,v2,309,73.4
1592,payment problem,v2,273,64.5
1593,missing item,v3,202,72.5
1594,late delivery,v3,241,84.3
1595,wrong order,v2,210,66.3
1596,late delivery,v3,289,84.0
1597,late delivery,v3,167,75.0
1598,payment problem,v3,380,75.5
1599,wrong order,v3,284,72.6
1600,late delivery,v2,247,84.7
1601,missing item,v3,312,73.1
1602,late delivery,v2,65,55.4
1603,late delivery,v2,188,69.8
1604,late delivery,v2,150,62.4
1605,missing item,v3,301,76.8
1606,missing item,v2,230,71.7
1607,payment problem,v2,244,54.8
1608,late delivery,v3,167,73.7
1609,payment problem,v3,433,82.5
1610,late delivery,v3,220,80.2
1611,missing item,v2,199,68.2
1612,late delivery,v3,189,76.2
1613,late delivery,v2,144,71.0
1614,late delivery,v2,140,72.4
1615,late delivery,v2,113,69.5
1616,late delivery,v3,205,68.8
1617,missing item,v3,186,70.8
1618,late delivery,v3,259,82.4
1619,missing item,v3,163,68.4
1620,late delivery,v2,274,75.6
1621,late delivery,v2,288,79.0
1622,wrong order,v3,332,66.8
1623,late delivery,v2,151,70.9
1624,payment problem,v2,178,51.7
1625,missing item,v2,91,57.5
1626,payment problem,v3,309,62.1
1627,late delivery,v3,233,82.5
1628,missing item,v3,272,72.0
1629,late delivery,v3,220,68.4
1630,late delivery,v2,147,70.4
1631,payment problem,v3,309,64.8
1632,late delivery,v2,78,62.0
1633,wrong order,v2,245,64.6
1634,wrong order,v3,341,75.4
1635,missing item,v3,167,64.4
1636,late delivery,v2,158,76.0
1637,wrong order,v3,353,78.0
1638,missing item,v3,298,82.8
1639,wrong order,v3,261,77.9
1640,missing item,v3,310,75.7
1641,payment problem,v2,308,69.9
1642,late delivery,v2,134,60.0
1643,late delivery,v2,233,71.7
1644,missing item,v3,219,75.3
1645,missing item,v3,307,76.9
1646,payment problem,v2,326,63.2
1647,late delivery,v3,183,78.3
1648,missing item,v2,311,75.6
1649,late delivery,v3,242,74.8
1650,late delivery,v3,193,70.5
1651,wrong order,v3,287,76.1
1652,late delivery,v2,150,70.3
1653,wrong order,v3,385,78.2
1654,late delivery,v3,168,70.5
1655,late delivery,v3,287,89.8
1656,payment problem,v2,283,60.6
1657,payment problem,v2,271,64.5
1658,payment problem,v2,319,66.8
1659,late delivery,v3,203,76.0
1660,missing item,v2,292,62.8
1661,wrong order,v2,207,56.7
1662,payment problem,v3,242,61.7
1663,wrong order,v3,332,70.8
1664,late delivery,v2,140,69.7
1665,late delivery,v3,201,75.7
1666,late delivery,v2,123,70.4
1667,payment problem,v2,322,64.0
1668,payment problem,v3,320,64.4
1669,late delivery,v2,134,65.9
1670,late delivery,v2,227,84.6
1671,missing item,v2,149,66.7
1672,wrong order,v3,249,72.5
1673,wrong order,v2,349,71.1
1674,wrong order,v3,326,67.0
1675,payment problem,v2,200,55.8
1676,wrong order,v3,269,70.8
1677,payment problem,v2,288,61.1
1678,late delivery,v3,172,70.1
1679,late delivery,v2,60,65.3
1680,late delivery,v2,75,60.6
1681,late delivery,v3,270,83.1
1682,late delivery,v3,304,85.9
1683,wrong order,v2,233,60.4
1684,wrong order,v2,207,56.2
1685,wrong order,v3,266,63.6
1686,missing item,v3,205,72.1
1687,missing item,v2,168,66.6
1688,late delivery,v2,127,61.6
1689,late delivery,v3,255,84.5
1690,missing item,v3,285,75.8
1691,wrong order,v3,237,68.0
1692,payment problem,v2,215,54.4
1693,missing item,v2,165,61.9
1694,missing item,v2,134,65.2
1695,late delivery,v3,181,75.5
1696,late delivery,v3,76,65.9
1697,payment problem,v2,289,67.8
1698,payment problem,v3,393,73.0
1699,late delivery,v2,129,66.2
1700,payment problem,v3,254,62.7
1701,wrong order,v3,334,70.9
1702,wrong order,v3,265,68.4
1703,missing item,v2,250,76.6
1704,payment problem,v2,332,68.0
1705,late delivery,v2,218,69.8
1706,missing item,v2,120,62.8
1707,late delivery,v3,143,70.2
1708,late delivery,v3,255,81.5
1709,wrong order,v2,185,66.0
1710,payment problem,v3,358,74.5
1711,late delivery,v3,169,69.9
1712,payment problem,v2,277,65.8
1713,late delivery,v2,161,69.5
1714,late delivery,v2,141,68.0
1715,payment problem,v3,259,57.1
1716,wrong order,v2,269,69.8
1717,payment problem,v2,296,62.2
1718,late delivery,v3,195,71.0
1719,late delivery,v3,191,73.6
1720,missing item,v2,157,68.7
1721,late delivery,v3,286,81.7
1722,late delivery,v3,97,62.5
1723,late delivery,v2,76,62.7
1724,late delivery,v2,164,75.3
1725,late delivery,v2,174,66.0
1726,missing item,v2,196,70.8
1727,late delivery,v3,213,83.0
1728,missing item,v2,315,73.7
1729,late delivery,v3,176,72.8
1730,payment problem,v3,302,66.1
1731,wrong order,v3,316,75.3
1732,missing item,v3,259,74.7
1733,missing item,v2,197,70.0
1734,missing item,v2,129,62.1
1735,missing item,v3,248,71.0
1736,payment problem,v2,314,60.9
1737,wrong order,v3,295,64.7
1738,wrong order,v3,298,71.8
1739,late delivery,v2,101,64.6
1740,wrong order,v3,407,85.6
1741,late delivery,v3,257,80.0
1742,payment problem,v3,344,70.0
1743,late delivery,v3,280,87.8
1744,wrong order,v3,311,70.2
1745,wrong order,v3,263,64.8
1746,late delivery,v2,171,76.5
1747,missing item,v2,254,80.5
1748,missing item,v2,186,61.4
1749,missing item,v2,197,62.5
1750,payment problem,v2,282,59.8
1751,payment problem,v3,243,59.5
1752,wrong order,v2,240,72.1
1753,payment problem,v3,284,64.1
1754,wrong order,v2,258,63.3
1755,late delivery,v3,270,87.2
1756,late delivery,v2,178,73.8
1757,late delivery,v2,241,78.6
1758,late delivery,v3,196,74.3
1759,missing item,v2,233,71.2
1760,missing item,v3,174,74.4
1761,missing item,v2,170,66.9
1762,late delivery,v3,305,86.0
1763,missing item,v2,243,75.0
1764,late delivery,v3,195,75.6
1765,payment problem,v3,335,62.6
1766,wrong order,v2,265,66.4
1767,wrong order,v2,280,64.3
1768,missing item,v2,220,68.3
1769,late delivery,v3,219,76.2
1770,missing item,v3,254,79.4
1771,missing item,v3,258,78.5
1772,late delivery,v2,180,72.1
1773,wrong order,v2,305,73.1
1774,wrong order,v3,299,71.6
1775,wrong order,v2,179,57.7
1776,late delivery,v3,253,80.1
1777,late delivery,v2,238,71.6
1778,payment problem,v2,244,57.1
1779,missing item,v2,132,59.9
1780,wrong order,v3,219,66.8
1781,late delivery,v2,176,67.7
1782,wrong order,v2,307,68.1
1783,missing item,v2,258,77.0
1784,missing item,v3,271,79.2
1785,late delivery,v2,225,73.2
1786,payment problem,v3,331,67.7
1787,late delivery,v3,60,69.2
1788,payment problem,v2,158,53.0
1789,payment problem,v3,306,67.9
1790,wrong order,v3,280,75.9
1791,wrong order,v2,254,59.8
1792,missing item,v2,268,73.4
1793,wrong order,v2,306,75.3
1794,late delivery,v3,236,77.9
1795,payment problem,v3,328,67.8
1796,wrong order,v3,386,81.4
1797,wrong order,v2,315,70.7
1798,late delivery,v3,231,82.0
1799,payment problem,v2,435,75.0
1800,wrong order,v2,219,59.5
1801,late delivery,v2,143,67.4
1802,payment problem,v3,338,67.2
1803,payment problem,v3,370,79.1
1804,missing item,v3,247,77.8
1805,payment problem,v3,340,66.7
1806,missing item,v2,259,75.2
1807,late delivery,v3,148,72.0
1808,late delivery,v3,179,75.0
1809,missing item,v2,216,69.8
1810,late delivery,v3,226,77.2
1811,payment problem,v2,198,59.8
1812,late delivery,v2,60,60.9
1813,late delivery,v2,185,65.8
1814,late delivery,v2,207,74.3
1815,wrong order,v3,337,72.0
1816,late delivery,v2,110,61.9
1817,missing item,v3,256,75.0
1818,late delivery,v2,139,68.7
1819,late delivery,v2,130,67.9
1820,late delivery,v2,60,63.3
1821,late delivery,v3,242,75.4
1822,payment problem,v3,303,62.5
1823,wrong order,v3,225,65.1
1824,wrong order,v2,308,68.9
1825,late delivery,v2,218,72.8
1826,late delivery,v3,215,77.3
1827,missing item,v3,281,74.4
1828,late delivery,v3,254,85.8
1829,wrong order,v3,273,74.2
1830,late delivery,v2,266,78.3
1831,payment problem,v3,417,78.5
1832,missing item,v2,215,72.7
1833,wrong order,v3,297,73.0
1834,late delivery,v2,203,74.2
1835,late delivery,v3,259,80.8
1836,late delivery,v2,118,64.9
1837,payment problem,v2,215,55.1
1838,wrong order,v3,275,67.1
1839,late delivery,v3,258,80.6
1840,wrong order,v2,287,64.5
1841,late delivery,v2,148,70.0
1842,missing item,v2,239,75.1
1843,late delivery,v3,206,78.5
1844,late delivery,v2,223,77.6
1845,late delivery,v3,215,79.0
1846,late delivery,v2,202,70.6
1847,wrong order,v3,221,72.2
1848,missing item,v3,267,76.7
1849,late delivery,v3,223,70.2
1850,missing item,v2,123,61.8
1851,late delivery,v2,116,67.3
1852,payment problem,v2,397,72.0
1853,payment problem,v3,296,67.9
1854,wrong order,v3,194,67.1
1855,payment problem,v3,374,78.7
1856,payment problem,v3,295,66.0
1857,payment problem,v2,270,68.2
1858,late delivery,v2,153,68.8
1859,wrong order,v2,284,74.0
1860,payment problem,v3,292,71.2
1861,late delivery,v3,150,74.8
1862,wrong order,v2,270,61.5
1863,late delivery,v3,182,73.9
1864,wrong order,v2,262,67.8
1865,late delivery,v3,245,77.0
1866,missing item,v2,246,74.6
1867,late delivery,v2,194,75.8
1868,late delivery,v2,223,70.0
1869,wrong order,v3,263,69.5
1870,wrong order,v3,305,80.1
1871,payment problem,v2,359,67.4
1872,missing item,v3,329,78.4
1873,late delivery,v2,205,70.7
1874,missing item,v3,118,70.2
1875,payment problem,v3,296,60.9
1876,late delivery,v3,266,80.8
1877,late delivery,v3,187,74.2
1878,payment problem,v2,168,53.6
1879,payment problem,v3,267,66.2
1880,late delivery,v2,207,71.7
1881,wrong order,v3,317,74.2
1882,missing item,v2,224,73.4
1883,missing item,v2,175,61.1
1884,late delivery,v2,132,67.4
1885,late delivery,v3,195,82.3
1886,late delivery,v3,137,68.2
1887,late delivery,v3,257,82.0
1888,payment problem,v2,331,74.0
1889,wrong order,v2,162,60.5
1890,late delivery,v2,175,74.3
1891,missing item,v3,251,77.4
1892,missing item,v3,118,66.6
1893,late delivery,v3,179,69.0
1894,payment problem,v3,373,73.8
1895,late delivery,v3,199,71.8
1896,payment problem,v2,313,62.8
1897,payment problem,v3,408,71.8
1898,payment problem,v3,366,74.4
1899,wrong order,v2,299,73.0
1900,missing item,v3,222,72.3
1901,late delivery,v3,258,85.7
1902,missing item,v3,235,70.1
1903,late delivery,v2,126,71.5
1904,wrong order,v3,251,70.6
1905,late delivery,v2,88,68.4
1906,missing item,v3,155,73.7
1907,payment problem,v2,255,54.7
1908,late delivery,v3,266,84.8
1909,wrong order,v2,221,65.3
1910,late delivery,v3,281,82.6
1911,late delivery,v3,78,58.6
1912,payment problem,v3,305,69.2
1913,wrong order,v3,311,75.9
1914,late delivery,v2,208,72.7
1915,missing item,v2,177,61.1
1916,payment problem,v2,334,64.1
1917,late delivery,v2,205,76.0
1918,late delivery,v3,206,75.8
1919,late delivery,v2,229,77.3
1920,missing item,v3,272,70.4
1921,late delivery,v3,200,77.3
1922,missing item,v3,205,70.8
1923,late delivery,v2,142,73.2
1924,late delivery,v2,103,63.8
1925,late delivery,v2,269,75.0
1926,late delivery,v2,139,66.7
1927,wrong order,v2,333,72.9
1928,missing item,v2,244,69.4
1929,payment problem,v2,380,72.1
1930,missing item,v2,189,62.3
1931,late delivery,v3,239,77.0
1932,missing item,v3,193,67.1
1933,wrong order,v3,191,63.9
1934,wrong order,v2,251,66.8
1935,missing item,v3,283,80.1
1936,payment problem,v3,305,67.8
1937,missing item,v2,202,58.9
1938,late delivery,v3,134,73.3
1939,missing item,v3,179,65.3
1940,missing item,v2,198,59.3
1941,late delivery,v3,217,73.6
1942,late delivery,v2,60,54.3
1943,missing item,v2,119,57.3
1944,late delivery,v2,222,81.5
1945,payment problem,v2,316,61.9
1946,missing item,v3,227,63.2
1947,late delivery,v2,60,60.1
1948,wrong order,v3,218,67.4
1949,late delivery,v2,223,75.8
1950,late delivery,v3,193,77.1
1951,missing item,v2,177,69.5
1952,payment problem,v3,277,63.7
1953,late delivery,v3,229,81.5
1954,missing item,v3,203,71.6
1955,late delivery,v2,291,83.2
1956,missing item,v2,287,74.7
1957,late delivery,v2,252,80.6
1958,late delivery,v3,216,75.6
1959,late delivery,v3,261,84.6
1960,payment problem,v2,274,58.6
1961,payment problem,v2,404,73.9
1962,missing item,v2,269,70.9
1963,late delivery,v2,212,80.7
1964,late delivery,v2,80,60.9
1965,wrong order,v2,186,56.4
1966,wrong order,v3,247,78.4
1967,late delivery,v3,110,68.5
1968,missing item,v3,205,70.1
1969,wrong order,v2,248,64.1
1970,late delivery,v3,176,72.1
1971,late delivery,v3,171,76.9
1972,late delivery,v3,127,74.0
1973,late delivery,v2,261,76.5
1974,late delivery,v2,217,77.3
1975,payment problem,v2,256,60.1
1976,wrong order,v2,178,60.5
1977,missing item,v2,153,59.0
1978,late delivery,v3,180,81.9
1979,late delivery,v2,187,70.9
1980,late delivery,v2,77,61.3
1981,late delivery,v3,245,74.6
1982,wrong order,v3,279,73.0
1983,missing item,v3,220,75.8
1984,missing item,v3,141,71.0
1985,late delivery,v2,199,75.7
1986,wrong order,v2,140,55.6
1987,missing item,v3,317,79.0
1988,late delivery,v3,222,74.8
1989,wrong order,v3,270,66.0
1990,late delivery,v2,206,76.0
1991,missing item,v3,189,71.4
1992,wrong order,v2,236,62.7
1993,wrong order,v2,97,53.2
1994,late delivery,v3,172,74.9
1995,missing item,v2,199,64.5
1996,wrong order,v2,205,64.8
1997,late delivery,v3,193,70.9
1998,late delivery,v3,176,71.8
1999,payment problem,v2,341,74.3
2000,late delivery,v2,84,62.0
2001,payment problem,v3,332,64.4
2002,payment problem,v3,376,74.1
2003,late delivery,v2,240,74.3
2004,missing item,v2,249,76.3
2005,payment problem,v3,343,69.5
2006,wrong order,v2,317,67.9
2007,missing item,v3,280,73.4
2008,wrong order,v3,317,79.1
2009,wrong order,v3,306,80.9
2010,payment problem,v2,391,70.4
2011,wrong order,v3,252,65.2
2012,missing item,v3,158,64.2
2013,late delivery,v2,160,68.3
2014,missing item,v2,298,78.9
2015,missing item,v3,233,76.7
2016,missing item,v2,193,71.6
2017,late delivery,v3,245,84.5
2018,late delivery,v3,181,73.3
2019,missing item,v2,217,75.6
2020,late delivery,v3,231,81.4
2021,payment problem,v3,428,80.1
2022,late delivery,v3,149,69.7
2023,wrong order,v2,298,76.6
2024,wrong order,v3,306,66.9
2025,late delivery,v2,207,74.0
2026,wrong order,v3,337,78.4
2027,wrong order,v3,207,73.4
2028,missing item,v3,302,81.7
2029,missing item,v2,210,66.2
2030,late delivery,v3,167,76.8
2031,wrong order,v3,309,72.0
2032,missing item,v3,274,78.4
2033,late delivery,v2,212,79.4
2034,payment problem,v2,279,60.4
2035,late delivery,v3,184,66.6
2036,late delivery,v2,146,68.7
2037,late delivery,v2,113,70.4
2038,late delivery,v2,176,72.3
2039,wrong order,v3,286,72.1
2040,wrong order,v3,200,69.4
2041,late delivery,v3,252,82.1
2042,missing item,v2,189,67.5
2043,missing item,v2,348,80.8
2044,payment problem,v2,247,58.1
2045,late delivery,v2,93,65.6
2046,wrong order,v3,293,75.7
2047,missing item,v2,172,70.7
2048,missing item,v2,210,70.2
2049,payment problem,v2,282,70.2
2050,missing item,v3,247,73.4
2051,late delivery,v3,157,79.3
2052,wrong order,v3,301,70.3
2053,late delivery,v3,288,76.4
2054,payment problem,v2,320,58.8
2055,missing item,v3,243,72.0
2056,wrong order,v3,306,68.4
2057,late delivery,v3,201,76.0
2058,missing item,v2,231,68.3
2059,late delivery,v2,139,74.3
2060,payment problem,v3,328,69.2
2061,payment problem,v3,324,63.5
2062,missing item,v2,267,67.7
2063,late delivery,v2,198,72.5
2064,wrong order,v2,307,72.3
2065,late delivery,v2,244,79.1
2066,late delivery,v3,209,80.2
2067,late delivery,v2,339,90.0
2068,late delivery,v3,252,82.0
2069,payment problem,v3,231,57.2
2070,late delivery,v3,227,78.6
2071,wrong order,v3,315,68.1
2072,wrong order,v2,241,66.6
2073,wrong order,v3,254,71.8
2074,late delivery,v2,222,76.0
2075,late delivery,v3,207,73.8
2076,late delivery,v2,234,75.5
2077,payment problem,v2,281,62.8
2078,payment problem,v3,277,65.5
2079,payment problem,v2,302,67.7
2080,late delivery,v3,212,76.2
2081,payment problem,v2,341,63.2
2082,payment problem,v2,307,60.2
2083,payment problem,v3,387,75.1
2084,wrong order,v2,200,68.0
2085,missing item,v3,238,77.2
2086,late delivery,v3,172,80.0
2087,late delivery,v3,222,77.4
2088,wrong order,v2,281,78.8
2089,missing item,v3,262,79.7
2090,late delivery,v3,132,71.2
2091,missing item,v2,184,69.7
2092,late delivery,v2,102,62.9
2093,late delivery,v2,101,69.8
2094,wrong order,v3,261,67.3
2095,late delivery,v2,223,78.1
2096,missing item,v2,139,66.0
2097,wrong order,v3,268,70.7
2098,late delivery,v3,266,87.0
2099,missing item,v3,338,85.3
2100,payment problem,v3,187,59.6
2101,missing item,v3,249,73.4
2102,late delivery,v3,197,73.3
2103,late delivery,v3,279,85.2
2104,missing item,v3,186,69.0
2105,late delivery,v2,220,73.5
2106,missing item,v3,253,73.3
2107,payment problem,v2,331,72.3
2108,missing item,v2,203,70.9
2109,payment problem,v3,349,75.6
2110,late delivery,v2,127,74.8
2111,late delivery,v3,204,77.5
2112,wrong order,v3,309,76.6
2113,late delivery,v2,235,77.0
2114,wrong order,v3,358,79.1
2115,payment problem,v2,340,63.7
2116,wrong order,v3,236,63.9
2117,late delivery,v2,108,61.0
2118,late delivery,v2,199,68.5
2119,missing item,v3,213,70.2
2120,missing item,v3,200,74.0
2121,wrong order,v3,362,78.3
2122,late delivery,v3,170,70.6
2123,wrong order,v2,263,72.3
2124,late delivery,v2,258,78.9
2125,missing item,v3,230,77.3
2126,late delivery,v2,211,75.7
2127,payment problem,v3,370,68.5
2128,late delivery,v2,200,73.6
2129,payment problem,v2,352,68.3
2130,missing item,v2,343,80.1
2131,missing item,v3,274,75.4
2132,missing item,v3,335,79.1
2133,missing item,v2,164,57.2
2134,late delivery,v3,60,70.4
2135,missing item,v3,233,78.3
2136,payment problem,v2,338,69.2
2137,late delivery,v3,175,72.4
2138,missing item,v2,208,66.1
2139,late delivery,v3,242,78.5
2140,late delivery,v3,138,74.7
2141,late delivery,v3,184,77.7
2142,late delivery,v3,158,71.9
2143,late delivery,v2,148,63.1
2144,late delivery,v2,209,72.8
2145,payment problem,v3,354,75.7
2146,late delivery,v2,123,64.5
2147,missing item,v3,199,72.8
2148,wrong order,v3,267,73.5
2149,missing item,v3,217,73.6
2150,payment problem,v2,295,62.0
2151,late delivery,v2,251,78.1
2152,late delivery,v3,246,81.0
2153,wrong order,v2,294,69.5
2154,late delivery,v2,232,78.1
2155,wrong order,v3,298,74.1
2156,late delivery,v2,129,68.7
2157,late delivery,v2,112,63.6
2158,late delivery,v2,169,70.3
2159,missing item,v2,149,56.5
2160,late delivery,v2,224,80.2
2161,late delivery,v3,147,69.8
2162,late delivery,v2,145,67.7
2163,payment problem,v3,349,63.8
2164,late delivery,v2,197,77.9
2165,wrong order,v3,366,78.9
2166,payment problem,v3,326,65.0
2167,late delivery,v2,86,64.7
2168,payment problem,v2,307,69.7
2169,late delivery,v2,205,76.6
2170,late delivery,v2,231,75.2
2171,payment problem,v2,255,58.1
2172,wrong order,v2,292,79.9
2173,late delivery,v2,226,69.3
2174,missing item,v3,287,73.1
2175,late delivery,v2,202,71.9
2176,payment problem,v3,340,78.7
2177,late delivery,v2,263,77.7
2178,wrong order,v2,211,71.7
2179,late delivery,v2,69,62.5
2180,payment problem,v3,327,74.7
2181,missing item,v2,160,64.2
2182,late delivery,v2,264,82.9
2183,wrong order,v2,198,65.4
2184,late delivery,v3,208,74.7
2185,payment problem,v2,217,57.4
2186,missing item,v2,269,77.6
2187,late delivery,v2,173,68.4
2188,wrong order,v2,305,71.7
2189,missing item,v3,287,79.6
2190,late delivery,v2,120,75.4
2191,late delivery,v2,125,66.2
2192,wrong order,v3,370,86.7
2193,late delivery,v2,143,66.8
2194,payment problem,v2,212,52.7
2195,missing item,v3,254,71.4
2196,wrong order,v3,324,70.7
2197,payment problem,v3,296,60.2
2198,late delivery,v2,76,66.0
2199,missing item,v3,289,79.4
2200,missing item,v2,203,64.6
2201,late delivery,v3,275,79.6
2202,late delivery,v2,171,70.0
2203,missing item,v3,186,68.2
2204,wrong order,v2,252,65.3
2205,missing item,v3,253,72.0
2206,late delivery,v3,241,78.0
2207,payment problem,v3,176,55.8
2208,late delivery,v3,172,68.3
2209,wrong order,v2,144,50.9
2210,late delivery,v2,156,69.6
2211,payment problem,v2,253,66.5
2212,late delivery,v2,164,72.3
2213,late delivery,v3,357,86.7
2214,payment problem,v2,353,75.0
2215,payment problem,v3,306,69.4
2216,late delivery,v3,172,76.4
2217,late delivery,v3,84,66.5
2218,late delivery,v3,234,82.8
2219,payment problem,v2,292,68.3
2220,missing item,v3,184,72.3
2221,wrong order,v2,277,66.1
2222,late delivery,v3,155,72.8
2223,late delivery,v3,254,78.0
2224,wrong order,v2,170,59.9
2225,late delivery,v3,143,73.4
2226,missing item,v2,211,63.5
2227,wrong order,v3,247,65.0
2228,late delivery,v3,259,82.7
2229,missing item,v3,204,74.8
2230,missing item,v3,226,72.3
2231,missing item,v2,210,71.6
2232,late delivery,v2,133,70.4
2233,payment problem,v3,302,71.5
2234,payment problem,v3,322,73.0
2235,payment problem,v2,298,64.0
2236,wrong order,v3,195,63.4
2237,late delivery,v2,116,69.0
2238,wrong order,v2,288,70.1
2239,wrong order,v2,264,66.2
2240,late delivery,v2,97,59.5
2241,late delivery,v3,265,80.3
2242,wrong order,v3,222,70.6
2243,late delivery,v2,190,67.9
2244,payment problem,v2,246,56.5
2245,missing item,v2,164,64.1
2246,payment problem,v2,270,64.3
2247,payment problem,v2,244,62.0
2248,late delivery,v2,154,69.4
2249,late delivery,v2,173,74.6
2250,payment problem,v3,292,69.3
2251,payment problem,v3,305,65.7
2252,wrong order,v3,244,71.2
2253,missing item,v3,355,81.2
2254,missing item,v2,148,67.3
2255,payment problem,v2,324,67.4
2256,missing item,v2,164,62.1
2257,payment problem,v2,278,66.1
2258,wrong order,v2,190,58.8
2259,wrong order,v2,229,61.1
2260,wrong order,v2,289,66.6
2261,wrong order,v3,330,78.9
2262,payment problem,v2,337,71.9
2263,wrong order,v2,314,67.8
2264,late delivery,v3,60,72.1
2265,payment problem,v3,266,67.2
2266,late delivery,v3,206,78.9
2267,wrong order,v3,230,66.0
2268,missing item,v3,205,73.2
2269,wrong order,v3,302,67.0
2270,payment problem,v2,381,71.3
2271,late delivery,v3,167,73.5
2272,late delivery,v3,234,81.3
2273,late delivery,v3,270,74.6
2274,missing item,v3,211,73.3
2275,late delivery,v2,232,73.3
2276,payment problem,v3,299,74.8
2277,payment problem,v2,333,67.2
2278,late delivery,v3,290,86.3
2279,late delivery,v3,209,85.0
2280,missing item,v2,235,71.0
2281,payment problem,v2,223,52.5
2282,late delivery,v2,349,88.8
2283,wrong order,v3,235,66.5
2284,payment problem,v2,232,59.8
2285,late delivery,v3,322,79.5
2286,wrong order,v3,305,70.5
2287,late delivery,v2,136,70.1
2288,wrong order,v2,279,66.4
2289,late delivery,v3,279,87.3
2290,missing item,v3,331,82.5
2291,late delivery,v2,120,64.1
2292,late delivery,v3,195,74.7
2293,late delivery,v3,162,71.5
2294,missing item,v3,227,71.4
2295,payment problem,v3,369,78.8
2296,wrong order,v2,211,66.2
2297,late delivery,v2,117,68.5
2298,payment problem,v3,329,73.3
2299,missing item,v2,320,83.5
2300,missing item,v2,187,69.2
2301,payment problem,v2,331,66.4
2302,wrong order,v2,202,66.0
2303,payment problem,v3,315,66.1
2304,wrong order,v2,283,74.7
2305,missing item,v2,127,64.1
2306,late delivery,v2,60,60.7
2307,late delivery,v3,276,76.5
2308,late delivery,v3,186,75.0
2309,missing item,v2,112,58.6
2310,payment problem,v2,280,68.5
2311,late delivery,v3,211,76.3
2312,payment problem,v3,406,73.5
2313,wrong order,v2,316,73.7
2314,payment problem,v2,204,64.4
2315,missing item,v2,274,73.9
2316,payment problem,v3,286,66.6
2317,payment problem,v3,274,69.3
2318,late delivery,v2,60,60.7
2319,wrong order,v3,281,64.6
2320,payment problem,v2,357,75.1
2321,missing item,v2,137,61.7
2322,late delivery,v2,109,68.5
2323,late delivery,v2,111,62.2
2324,wrong order,v2,219,58.9
2325,wrong order,v2,283,69.7
2326,wrong order,v3,201,62.1
2327,payment problem,v3,324,71.1
2328,payment problem,v3,331,68.6
2329,payment problem,v3,332,68.8
2330,late delivery,v3,215,72.5
2331,payment problem,v3,350,71.5
2332,payment problem,v3,396,75.3
2333,wrong order,v3,278,81.3
2334,payment problem,v2,198,58.6
2335,wrong order,v2,152,52.6
2336,payment problem,v2,281,66.0
2337,wrong order,v3,342,74.7
2338,payment problem,v3,233,64.2
2339,late delivery,v3,131,71.0
2340,missing item,v3,251,73.9
2341,missing item,v3,263,78.9
2342,wrong order,v3,306,75.0
2343,late delivery,v2,179,73.1
2344,late delivery,v2,213,72.0
2345,missing item,v2,236,65.3
2346,payment problem,v2,366,65.3
2347,late delivery,v3,135,76.1
2348,wrong order,v3,366,78.5
2349,wrong order,v2,222,63.1
2350,wrong order,v2,301,65.0
2351,payment problem,v3,285,56.0
2352,late delivery,v2,165,73.8
2353,wrong order,v3,307,66.9
2354,wrong order,v3,364,79.0
2355,missing item,v3,301,75.9
2356,payment problem,v3,329,71.3
2357,late delivery,v3,239,80.1
2358,missing item,v2,197,64.5
2359,late delivery,v3,247,86.8
2360,late delivery,v3,175,71.9
2361,payment problem,v2,185,48.1
2362,late delivery,v2,163,64.4
2363,late delivery,v2,191,71.3
2364,wrong order,v2,311,70.9
2365,late delivery,v2,164,72.2
2366,missing item,v2,165,64.2
2367,wrong order,v3,239,66.2
2368,late delivery,v2,165,67.0
2369,late delivery,v2,198,80.1
2370,payment problem,v2,295,56.7
2371,missing item,v2,171,63.1
2372,late delivery,v3,227,79.0
2373,missing item,v2,193,59.0
2374,wrong order,v3,297,71.3
2375,missing item,v2,120,52.7
2376,wrong order,v2,194,60.9
2377,wrong order,v2,239,63.8
2378,late delivery,v3,395,90.9
2379,late delivery,v2,158,67.9
2380,late delivery,v3,257,84.3
2381,late delivery,v2,264,75.3
2382,wrong order,v3,422,81.1
2383,missing item,v3,248,73.5
2384,late delivery,v2,280,89.7
2385,late delivery,v2,177,67.2
2386,missing item,v2,246,70.1
2387,wrong order,v3,241,64.6
2388,wrong order,v3,206,67.0
2389,late delivery,v2,126,64.5
2390,missing item,v3,311,84.7
2391,missing item,v3,254,77.9
2392,late delivery,v2,109,58.0
2393,late delivery,v3,287,84.0
2394,missing item,v3,221,76.0
2395,late delivery,v2,60,52.7
2396,missing item,v3,315,78.0
2397,payment problem,v3,298,63.1
2398,missing item,v3,321,83.7
2399,late delivery,v2,188,71.3
2400,missing item,v2,150,57.8
2401,wrong order,v3,330,73.8
2402,wrong order,v3,193,57.6
2403,late delivery,v3,82,69.9
2404,missing item,v2,322,73.8
2405,missing item,v2,201,65.6
2406,payment problem,v2,271,59.3
2407,late delivery,v2,195,72.8
2408,missing item,v2,213,69.5
2409,late delivery,v3,207,78.2
2410,late delivery,v2,173,68.8
2411,late delivery,v2,178,66.2
2412,wrong order,v2,253,62.4
2413,late delivery,v2,126,66.4
2414,missing item,v3,300,85.6
2415,late delivery,v2,90,61.5
2416,late delivery,v3,234,79.0
2417,late delivery,v2,206,80.1
2418,late delivery,v2,195,68.1
2419,missing item,v2,314,76.5
2420,missing item,v3,196,72.0
2421,payment problem,v3,306,70.3
2422,late delivery,v3,228,76.6
2423,late delivery,v2,177,71.9
2424,late delivery,v3,270,86.4
2425,missing item,v3,152,63.4
2426,late delivery,v2,158,70.3
2427,wrong order,v3,217,66.2
2428,missing item,v2,187,66.0
2429,late delivery,v3,321,86.6
2430,late delivery,v2,243,78.0
2431,late delivery,v3,144,74.1
2432,late delivery,v3,241,76.5
2433,payment problem,v2,190,56.2
2434,wrong order,v3,335,81.5
2435,payment problem,v2,348,73.9
2436,late delivery,v3,236,81.0
2437,late delivery,v2,264,81.1
2438,wrong order,v3,323,71.8
2439,late delivery,v3,197,75.8
2440,payment problem,v3,381,79.7
2441,wrong order,v3,290,70.8
2442,late delivery,v2,161,72.6
2443,wrong order,v2,192,56.4
2444,payment problem,v3,314,76.3
2445,missing item,v2,165,60.8
2446,late delivery,v3,248,79.0
2447,missing item,v2,185,60.7
2448,late delivery,v3,254,79.4
2449,late delivery,v2,203,78.5
2450,missing item,v2,230,72.0
2451,wrong order,v2,312,71.9
2452,late delivery,v2,245,76.4
2453,wrong order,v2,260,67.4
2454,payment problem,v3,306,70.3
2455,late delivery,v2,98,63.5
2456,missing item,v2,211,71.5
2457,wrong order,v3,217,69.0
2458,late delivery,v3,262,81.8
2459,wrong order,v3,315,72.4
2460,wrong order,v2,263,62.1
2461,late delivery,v3,274,83.3
2462,late delivery,v2,78,63.5
2463,late delivery,v2,223,79.3
2464,late delivery,v3,147,62.8
2465,payment problem,v2,294,66.7
2466,late delivery,v2,150,73.1
2467,missing item,v2,239,73.2
2468,late delivery,v2,211,76.6
2469,missing item,v2,235,73.4
2470,payment problem,v2,230,53.7
2471,late delivery,v2,254,78.2
2472,late delivery,v3,212,78.4
2473,missing item,v3,146,68.7
2474,wrong order,v2,299,70.1
2475,late delivery,v3,141,73.5
2476,payment problem,v3,266,68.1
2477,wrong order,v2,262,61.9
2478,missing item,v2,213,58.9
2479,payment problem,v3,326,70.4
2480,late delivery,v2,209,73.6
2481,late delivery,v2,112,61.4
2482,late delivery,v3,107,62.2
2483,payment problem,v2,241,64.9
2484,late delivery,v2,142,69.8
2485,late delivery,v2,224,70.0
2486,late delivery,v3,313,88.8
2487,late delivery,v2,196,74.8
2488,wrong order,v3,339,73.1
2489,missing item,v3,323,79.6
2490,late delivery,v2,249,75.2
2491,wrong order,v2,244,59.3
2492,missing item,v3,224,65.9
2493,missing item,v3,261,74.1
2494,late delivery,v2,138,67.7
2495,wrong order,v2,310,71.5
2496,missing item,v2,169,65.3
2497,late delivery,v2,127,72.3
2498,missing item,v3,258,77.6
2499,missing item,v2,252,72.8
2500,wrong order,v2,122,49.6
2501,late delivery,v3,197,73.8
2502,wrong order,v3,273,73.3
2503,late delivery,v3,231,72.0
2504,missing item,v3,285,77.4
2505,late delivery,v2,171,73.5
2506,missing item,v2,196,65.4
2507,missing item,v2,205,72.1
2508,late delivery,v2,209,75.7
2509,missing item,v2,210,66.1
2510,wrong order,v3,324,68.6
2511,missing item,v3,160,72.5
2512,payment problem,v3,272,63.5
2513,payment problem,v2,299,66.6
2514,late delivery,v2,151,68.8
2515,wrong order,v2,186,60.7
2516,missing item,v2,154,63.2
2517,wrong order,v3,380,87.4
2518,late delivery,v3,173,76.1
2519,wrong order,v3,299,61.5
2520,missing item,v3,234,72.7
2521,payment problem,v2,363,71.2
2522,wrong order,v3,208,66.4
2523,missing item,v2,193,69.2
2524,missing item,v3,308,86.4
2525,late delivery,v2,239,73.3
2526,payment problem,v3,386,76.3
2527,wrong order,v2,312,62.4
2528,late delivery,v3,100,61.8
2529,missing item,v3,305,84.4
2530,late delivery,v2,231,76.6
2531,late delivery,v3,157,74.1
2532,missing item,v3,151,64.4
2533,late delivery,v3,175,75.3
2534,late delivery,v2,103,66.6
2535,wrong order,v3,329,74.1
2536,missing item,v3,314,82.2
2537,late delivery,v2,171,74.6
2538,late delivery,v2,222,75.5
2539,payment problem,v2,273,70.0
2540,wrong order,v3,340,71.9
2541,wrong order,v2,267,68.2
2542,wrong order,v2,357,73.7
2543,late delivery,v2,267,84.3
2544,late delivery,v2,147,71.7
2545,wrong order,v2,244,63.2
2546,late delivery,v2,221,74.3
2547,payment problem,v3,403,77.4
2548,late delivery,v2,187,79.7
2549,late delivery,v2,100,62.5
2550,payment problem,v3,433,77.8
2551,missing item,v2,109,57.4
2552,late delivery,v2,153,74.5
2553,payment problem,v3,411,73.0
2554,wrong order,v2,226,65.7
2555,late delivery,v2,141,72.1
2556,wrong order,v2,215,56.8
2557,missing item,v2,271,74.7
2558,missing item,v3,244,75.7
2559,late delivery,v2,121,73.3
2560,late delivery,v2,158,70.8
2561,wrong order,v3,244,64.4
2562,late delivery,v2,157,72.6
2563,missing item,v2,170,64.6
2564,missing item,v2,100,60.9
2565,payment problem,v2,361,73.2
2566,late delivery,v3,251,78.6
2567,missing item,v3,203,67.2
2568,late delivery,v2,265,80.4
2569,wrong order,v2,217,59.5
2570,late delivery,v2,173,71.4
2571,payment problem,v3,373,71.5
2572,wrong order,v3,318,71.9
2573,late delivery,v2,196,66.9
2574,late delivery,v2,222,79.6
2575,late delivery,v2,267,77.7
2576,late delivery,v2,169,66.2
2577,payment problem,v2,301,67.7
2578,missing item,v2,191,62.1
2579,late delivery,v3,209,82.7
2580,late delivery,v2,198,74.6
2581,late delivery,v2,121,65.7
2582,wrong order,v2,226,66.5
2583,late delivery,v2,272,75.2
2584,payment problem,v2,348,70.1
2585,late delivery,v2,121,66.7
2586,late delivery,v2,166,74.3
2587,missing item,v2,224,65.7
2588,late delivery,v3,143,75.2
2589,missing item,v2,118,64.1
2590,late delivery,v2,150,69.2
2591,late delivery,v2,186,69.6
2592,late delivery,v2,198,67.8
2593,wrong order,v3,290,74.4
2594,late delivery,v3,130,69.9
2595,payment problem,v2,262,57.8
2596,wrong order,v2,295,71.0
2597,payment problem,v2,301,63.9
2598,missing item,v2,165,68.8
2599,payment problem,v2,269,66.7
2600,late delivery,v3,111,66.7
2601,late delivery,v3,280,84.5
2602,missing item,v3,214,70.6
2603,wrong order,v2,244,59.9
2604,late delivery,v2,82,58.9
2605,late delivery,v3,178,77.1
2606,wrong order,v3,403,83.3
2607,missing item,v3,243,74.4
2608,missing item,v3,277,74.8
2609,missing item,v2,200,70.9
2610,wrong order,v2,268,69.1
2611,payment problem,v3,296,64.4
2612,missing item,v3,329,88.2
2613,wrong order,v3,334,76.7
2614,late delivery,v2,176,65.6
2615,wrong order,v3,175,63.3
2616,late delivery,v3,144,72.6
2617,payment problem,v3,286,66.0
2618,payment problem,v3,405,77.9
2619,wrong order,v3,287,69.5
2620,late delivery,v3,195,75.7
2621,late delivery,v3,281,85.6
2622,missing item,v3,236,77.3
2623,missing item,v3,344,81.5
2624,missing item,v2,232,72.1
2625,wrong order,v2,270,67.9
2626,late delivery,v3,191,75.2
2627,wrong order,v3,254,69.1
2628,missing item,v3,354,82.1
2629,wrong order,v2,341,75.3
2630,late delivery,v3,190,79.1
2631,missing item,v2,187,68.3
2632,late delivery,v2,165,71.1
2633,wrong order,v3,269,75.2
2634,wrong order,v2,305,62.7
2635,late delivery,v3,292,78.0
2636,late delivery,v2,143,60.2
2637,missing item,v2,244,67.8
2638,missing item,v2,286,78.6
2639,wrong order,v2,235,66.0
2640,payment problem,v3,395,84.2
2641,wrong order,v2,163,55.3
2642,late delivery,v3,256,83.2
2643,payment problem,v2,267,60.2
2644,late delivery,v3,239,85.8
2645,late delivery,v2,249,83.7
2646,missing item,v3,243,77.1
2647,missing item,v3,241,76.8
2648,late delivery,v2,165,73.1
2649,missing item,v2,114,59.0
2650,late delivery,v3,215,78.7
2651,wrong order,v2,229,63.5
2652,wrong order,v2,215,63.6
2653,missing item,v3,201,70.1
2654,wrong order,v3,277,66.5
2655,missing item,v3,161,69.1
2656,missing item,v3,203,71.5
2657,missing item,v2,188,63.2
2658,late delivery,v3,274,83.0
2659,late delivery,v2,266,75.1
2660,missing item,v2,187,70.9
2661,late delivery,v2,228,77.1
2662,wrong order,v3,254,68.7
2663,late delivery,v3,279,86.5
2664,late delivery,v2,230,77.3
2665,late delivery,v2,105,67.5
2666,payment problem,v2,273,63.1
2667,wrong order,v2,294,73.0
2668,missing item,v3,264,71.4
2669,late delivery,v2,212,71.4
2670,payment problem,v2,344,73.2
2671,late delivery,v2,201,73.5
2672,payment problem,v2,374,72.8
2673,missing item,v3,305,77.0
2674,missing item,v3,290,82.9
2675,late delivery,v2,196,73.8
2676,late delivery,v2,119,63.1
2677,wrong order,v2,254,67.0
2678,late delivery,v3,234,81.7
2679,wrong order,v3,250,67.5
2680,missing item,v2,177,69.8
2681,wrong order,v2,313,75.1
2682,payment problem,v3,433,84.2
2683,missing item,v2,231,72.0
2684,payment problem,v3,247,67.4
2685,wrong order,v3,304,70.3
2686,late delivery,v2,214,73.7
2687,late delivery,v2,92,63.5
2688,late delivery,v2,167,74.2
2689,late delivery,v2,259,80.3
2690,late delivery,v3,87,63.1
2691,wrong order,v3,197,63.7
2692,wrong order,v2,280,73.0
2693,late delivery,v3,163,82.3
2694,missing item,v3,178,62.0
2695,wrong order,v3,268,68.9
2696,missing item,v2,157,66.7
2697,payment problem,v2,356,63.7
2698,late delivery,v2,140,57.7
2699,missing item,v3,270,72.9
2700,missing item,v3,235,71.1
2701,missing item,v3,242,71.7
2702,payment problem,v3,378,78.0
2703,payment problem,v2,294,61.3
2704,late delivery,v2,106,60.2
2705,late delivery,v2,221,70.7
2706,missing item,v3,223,65.4
2707,late delivery,v2,123,71.5
2708,late delivery,v2,128,65.7
2709,late delivery,v2,253,79.8
2710,late delivery,v2,222,72.9
2711,payment problem,v3,350,70.0
2712,late delivery,v3,157,76.7
2713,late delivery,v2,201,73.6
2714,late delivery,v3,304,87.7
2715,late delivery,v2,77,60.9
2716,payment problem,v3,266,58.1
2717,wrong order,v3,355,74.1
2718,wrong order,v3,172,61.0
2719,wrong order,v3,363,80.4
2720,wrong order,v3,319,79.7
2721,late delivery,v2,174,67.3
2722,wrong order,v2,177,59.9
2723,wrong order,v2,241,66.0
2724,late delivery,v3,181,69.0
2725,late delivery,v3,250,80.4
2726,late delivery,v3,151,73.4
2727,late delivery,v3,190,77.6
2728,wrong order,v2,250,70.2
2729,late delivery,v3,148,71.7
2730,wrong order,v2,208,64.8
2731,payment problem,v3,267,66.8
2732,missing item,v2,182,72.7
2733,late delivery,v3,241,81.7
2734,payment problem,v2,307,59.1
2735,late delivery,v2,209,76.0
2736,payment problem,v3,271,66.1
2737,payment problem,v3,262,69.6
2738,wrong order,v3,350,74.2
2739,missing item,v3,176,63.2
2740,wrong order,v2,181,59.4
2741,payment problem,v3,352,70.4
2742,late delivery,v2,176,68.4
2743,missing item,v3,227,75.8
2744,late delivery,v3,217,76.1
2745,late delivery,v2,155,71.2
2746,missing item,v2,211,69.4
2747,missing item,v2,299,77.0
2748,wrong order,v2,346,76.9
2749,wrong order,v3,358,73.6
2750,payment problem,v2,168,51.8
2751,missing item,v3,298,82.4
2752,missing item,v2,122,62.2
2753,missing item,v2,158,67.8
2754,missing item,v2,199,64.7
2755,missing item,v3,218,70.1
2756,payment problem,v3,272,76.1
2757,wrong order,v2,281,65.4
2758,late delivery,v3,201,73.5
2759,wrong order,v3,363,80.3
2760,wrong order,v2,271,65.5
2761,missing item,v3,257,78.6
2762,late delivery,v3,135,70.7
2763,missing item,v2,211,70.8
2764,late delivery,v2,236,79.3
2765,missing item,v3,260,73.6
2766,payment problem,v3,303,67.3
2767,late delivery,v2,69,60.0
2768,missing item,v2,244,72.9
2769,missing item,v2,204,58.7
2770,late delivery,v3,248,78.7
2771,missing item,v2,241,69.2
2772,payment problem,v3,294,70.5
2773,late delivery,v2,123,66.6
2774,missing item,v2,173,68.5
2775,missing item,v3,217,67.8
2776,wrong order,v2,197,61.8
2777,late delivery,v3,261,80.6
2778,late delivery,v3,234,81.9
2779,missing item,v3,179,70.8
2780,payment problem,v2,209,55.8
2781,missing item,v2,241,64.7
2782,late delivery,v2,134,72.4
2783,late delivery,v2,226,79.9
2784,payment problem,v3,283,62.7
2785,late delivery,v3,199,74.3
2786,missing item,v3,179,66.6
2787,missing item,v3,272,77.0
2788,late delivery,v2,225,76.5
2789,late delivery,v2,207,76.9
2790,late delivery,v2,183,66.4
2791,late delivery,v2,209,67.8
2792,late delivery,v3,253,75.8
2793,missing item,v2,271,72.7
2794,payment problem,v3,385,70.8
2795,payment problem,v3,381,73.5
2796,missing item,v3,227,74.5
2797,late delivery,v2,274,78.9
2798,late delivery,v2,228,73.9
2799,wrong order,v3,305,81.1
2800,missing item,v2,231,75.0
2801,wrong order,v3,328,76.6
2802,late delivery,v3,216,70.7
2803,late delivery,v3,221,74.6
2804,late delivery,v3,257,77.6
2805,late delivery,v2,163,72.8
2806,payment problem,v3,267,64.2
2807,missing item,v3,291,76.9
2808,missing item,v3,253,71.9
2809,late delivery,v3,116,63.0
2810,late delivery,v3,73,69.0
2811,missing item,v3,125,67.3
2812,payment problem,v2,276,60.7
2813,missing item,v3,221,69.2
2814,late delivery,v2,242,78.9
2815,wrong order,v2,279,69.6
2816,late delivery,v3,190,74.2
2817,missing item,v3,269,71.0
2818,missing item,v3,198,72.3
2819,payment problem,v3,304,62.6
2820,wrong order,v2,158,55.7
2821,late delivery,v3,269,87.0
2822,late delivery,v3,223,74.5
2823,missing item,v3,209,73.4
2824,wrong order,v3,260,71.7
2825,wrong order,v3,216,66.0
2826,missing item,v3,241,72.6
2827,late delivery,v2,212,74.2
2828,missing item,v3,219,78.6
2829,wrong order,v2,263,66.4
2830,late delivery,v3,166,73.9
2831,late delivery,v3,188,75.4
2832,payment problem,v2,213,49.2
2833,late delivery,v3,234,76.5
2834,missing item,v3,206,69.4
2835,late delivery,v2,152,65.8
2836,payment problem,v2,304,65.1
2837,wrong order,v3,313,69.7
2838,missing item,v3,243,76.7
2839,wrong order,v3,340,72.7
2840,missing item,v3,163,62.4
2841,missing item,v3,239,72.6
2842,missing item,v2,223,72.0
2843,late delivery,v3,245,74.2
2844,late delivery,v2,187,70.6
2845,missing item,v3,214,68.4
2846,payment problem,v3,331,67.0
2847,wrong order,v2,343,72.4
2848,wrong order,v2,254,72.5
2849,missing item,v3,181,68.6
2850,missing item,v2,168,63.1
2851,wrong order,v2,104,51.2
2852,wrong order,v3,286,73.6
2853,late delivery,v3,211,76.1
2854,missing item,v2,190,72.0
2855,late delivery,v3,109,71.4
2856,missing item,v3,222,74.8
2857,late delivery,v3,184,73.2
2858,late delivery,v3,299,73.4
2859,late delivery,v2,207,72.7
2860,late delivery,v2,83,67.5
2861,payment problem,v2,321,64.3
2862,missing item,v2,177,67.8
2863,late delivery,v2,168,74.3
2864,wrong order,v2,301,70.0
2865,late delivery,v3,149,78.8
2866,late delivery,v2,176,67.0
2867,wrong order,v3,301,71.7
2868,late delivery,v2,130,71.1
2869,late delivery,v2,324,87.4
2870,late delivery,v3,226,75.4
2871,wrong order,v3,294,75.9
2872,payment problem,v2,200,55.6
2873,late delivery,v3,177,72.2
2874,missing item,v3,292,75.9
2875,wrong order,v2,223,65.8
2876,late delivery,v2,143,73.2
2877,wrong order,v2,283,72.8
2878,late delivery,v2,151,66.9
2879,missing item,v3,285,76.1
2880,missing item,v3,304,78.9
2881,late delivery,v3,97,65.3
2882,late delivery,v2,205,76.9
2883,late delivery,v3,292,84.8
2884,payment problem,v2,263,63.9
2885,missing item,v2,297,77.0
2886,missing item,v2,234,73.1
2887,payment problem,v3,310,64.4
2888,missing item,v2,362,79.5
2889,missing item,v2,193,62.6
2890,late delivery,v3,203,76.1
2891,late delivery,v3,119,73.2
2892,late delivery,v3,151,73.2
2893,missing item,v3,268,74.1
2894,late delivery,v2,124,67.7
2895,missing item,v2,270,84.0
2896,late delivery,v2,208,70.0
2897,payment problem,v2,240,58.8
2898,late delivery,v2,177,71.9
2899,missing item,v2,241,67.2
2900,late delivery,v2,116,65.9
2901,wrong order,v2,287,67.5
2902,wrong order,v3,348,78.5
2903,late delivery,v3,132,75.2
2904,payment problem,v3,248,61.3
2905,payment problem,v3,351,72.0
2906,late delivery,v3,189,67.9
2907,wrong order,v2,178,59.5
2908,late delivery,v3,223,73.5
2909,missing item,v2,246,77.0
2910,missing item,v3,329,83.9
2911,missing item,v2,253,67.6
2912,late delivery,v3,194,75.4
2913,payment problem,v2,267,59.6
2914,late delivery,v2,222,74.3
2915,missing item,v3,230,70.2
2916,payment problem,v2,276,62.3
2917,payment problem,v2,289,63.1
2918,missing item,v3,256,74.5
2919,missing item,v3,231,75.0
2920,wrong order,v2,234,60.7
2921,payment problem,v2,216,51.2
2922,missing item,v3,259,79.8
2923,wrong order,v3,274,69.7
2924,wrong order,v2,254,70.8
2925,wrong order,v3,284,78.6
2926,late delivery,v3,170,70.5
2927,payment problem,v3,301,62.2
2928,late delivery,v3,143,71.5
2929,wrong order,v2,228,66.6
2930,late delivery,v2,156,69.9
2931,payment problem,v3,360,73.3
2932,late delivery,v3,179,72.8
2933,payment problem,v2,323,64.3
2934,missing item,v3,253,74.3
2935,missing item,v2,265,71.7
2936,late delivery,v3,291,83.2
2937,missing item,v3,217,70.6
2938,late delivery,v3,197,73.5
2939,late delivery,v3,294,80.0
2940,late delivery,v2,162,72.9
2941,wrong order,v2,263,71.0
2942,missing item,v3,170,70.7
2943,wrong order,v3,214,64.1
2944,payment problem,v2,301,65.0
2945,missing item,v3,232,67.2
2946,missing item,v3,235,73.4
2947,late delivery,v3,112,65.3
2948,missing item,v3,317,83.7
2949,late delivery,v3,222,77.1
2950,late delivery,v3,222,76.7
2951,late delivery,v2,79,62.2
2952,missing item,v2,177,64.8
2953,wrong order,v2,350,76.0
2954,missing item,v3,243,79.3
2955,wrong order,v2,251,63.7
2956,late delivery,v2,154,69.5
2957,late delivery,v3,179,74.0
2958,late delivery,v3,204,76.3
2959,payment problem,v3,360,73.0
2960,late delivery,v2,188,66.6
2961,late delivery,v3,289,82.2
2962,missing item,v3,204,71.6
2963,missing item,v2,227,64.3
2964,payment problem,v3,307,68.2
2965,late delivery,v3,287,79.0
2966,missing item,v2,147,62.0
2967,wrong order,v2,258,71.7
2968,missing item,v2,127,60.0
2969,late delivery,v3,146,72.4
2970,late delivery,v3,233,78.6
2971,missing item,v3,206,73.3
2972,wrong order,v2,236,61.4
2973,payment problem,v3,364,71.9
2974,wrong order,v2,305,67.0
2975,missing item,v2,153,60.5
2976,late delivery,v3,190,73.1
2977,missing item,v3,124,65.3
2978,wrong order,v3,304,69.7
2979,late delivery,v2,137,71.4
2980,late delivery,v3,239,77.4
2981,missing item,v3,318,80.0
2982,wrong order,v3,358,77.1
2983,missing item,v2,194,65.2
2984,late delivery,v3,165,80.3
2985,missing item,v3,260,77.6
2986,wrong order,v3,325,73.3
2987,late delivery,v3,230,78.8
2988,payment problem,v2,200,53.8
2989,late delivery,v2,153,70.5
2990,missing item,v2,225,73.9
2991,payment problem,v2,246,56.7
2992,late delivery,v2,296,85.7
2993,missing item,v2,203,68.8
2994,missing item,v3,326,80.9
2995,missing item,v3,198,74.8
2996,late delivery,v3,212,82.0
2997,wrong order,v2,184,64.7
2998,wrong order,v2,251,67.4
2999,wrong order,v2,222,62.5
3000,late delivery,v3,141,72.8
